id,SMILES,property
sample_1091,CC/C=C\C,-2.54
sample_898,O=C1NC(=O)NC(=O)C1(CC)CC=C(C)C,-2.253
sample_739,Cc1[nH]c(=O)n(c(=O)c1Cl)C(C)(C)C,-2.484
sample_140,CC/C=C/C,-2.54
sample_1019,ClC(Cl)C(c1ccc(Cl)cc1)c2ccc(Cl)cc2 ,-7.2
sample_527,O=Cc1ccccc1,-1.19
sample_812,c1cc2ccc(OC)c(CC=C(C)(C))c2oc1=O ,-4.314
sample_481,ON=Cc1ccc(o1)N(=O)=O ,-2.19
sample_1120,Clc1ccc(c(Cl)c1Cl)c2c(Cl)cc(Cl)c(Cl)c2Cl ,-7.66
sample_827,CON(C)C(=O)Nc1ccc(Cl)cc1,-2.57
sample_420,CC(=O)C1CCC2C3CCC4=CC(=O)CCC4(C)C3CCC12C,-4.42
sample_758,COP(=O)(NC(C)=O)SC ,0.54
sample_967,Cc1cc(C)cc(C)c1,-3.4
sample_519,ClCC(Cl)(Cl)Cl,-2.18
sample_70,O=C2CN(N=Cc1ccc(o1)N(=O)=O)C(=O)N2 ,-3.38
sample_377,CCCC(=O)OC,-1.92
sample_192,CNC(=O)Oc1ccccc1OC(C)C,-2.05
sample_299,CCCCCCCCCCCCCCCCCCCCCCCCCC,-8.334
sample_643,C1CCc2ccccc2C1,-4.37
sample_333,CC(C)c1ccccc1C,-3.76
sample_381,OCC(O)C2OC1OC(OC1C2O)C(Cl)(Cl)Cl ,-1.84
sample_768,c1ccc2cc3ccccc3cc2c1,-6.35
sample_802,OCC(O)C(O)CO,0.7
sample_514,CNC(=O)Oc1ccccc1C2OCCO2,-1.57
sample_413,Oc1ccc(cc1)N(=O)=O,-0.74
sample_319,Clc1cc(Cl)c(cc1Cl)c2cccc(Cl)c2Cl ,-7.21
sample_332,CCCOC=O,-0.49
sample_44,CC(C)OC=O,-0.63
sample_109,OCC1OC(C(O)C1O)n2cnc3c(O)ncnc23,-1.23
sample_352,ClC(Br)Br,-1.9
sample_436,CCSCC,-1.34
sample_865,c1ccc2c(c1)c3ccccc3c4ccccc24,-6.726
sample_478,CCCC(C)C,-3.74
sample_590,Oc1ccc(Cl)cc1Cl,-1.55
sample_714,Brc1ccccc1,-2.55
sample_178,CCCCC(=O)CCCC,-2.58
sample_445,Brc1ccc(I)cc1,-4.56
sample_113,c1ccccc1O,0.0
sample_750,CC12CCC3C(CCC4=CC(=O)CCC34C)C2CCC1O,-4.02
sample_86,CC(C)C(C(=O)OC(C#N)c1cccc(Oc2ccccc2)c1)c3ccc(OC(F)F)cc3,-6.876
sample_773,ClC(Cl)Cl,-1.17
sample_458,CC1(C)C(C=C(Cl)Cl)C1C(=O)OC(C#N)c2cccc(Oc3ccccc3)c2,-8.017000000000001
sample_858,CCN2c1nc(C)cc(C(F)(F)F)c1NC(=O)c3cccnc23 ,-4.207
sample_982,CCCN(CCC)c1c(cc(cc1N(=O)=O)C(F)(F)F)N(=O)=O,-5.68
sample_1004,c1ccc2c(c1)c3cccc4ccc5cccc2c5c43,-7.8
sample_906,Cc1cc2ccccc2cc1C,-4.72
sample_866,CC=C(C(=CC)c1ccc(O)cc1)c2ccc(O)cc2,-4.95
sample_291,COc1c(O)c(Cl)c(Cl)c(Cl)c1Cl ,-4.02
sample_56,CC(C)CCC(C)(C)C,-5.05
sample_482,CC(C)C(Nc1ccc(cc1Cl)C(F)(F)F)C(=O)OC(C#N)c2cccc(Oc3ccccc3)c2,-8.003
sample_743,CCCCCC(C)C,-5.08
sample_813,c1cc(C)cc2c1c3cc4cccc5CCc(c45)c3cc2,-7.92
sample_793,CC(C)CCOC=O,-1.52
sample_156,Oc2ccc1CCCCc1c2 ,-1.99
sample_1099,CCC(CC)CO,-1.17
sample_453,CCN2c1ccccc1N(C)C(=O)c3ccccc23 ,-4.749
sample_525,O=Cc2ccc1OCOc1c2 ,-1.63
sample_536,CC3C2CCC1(C)C=CC(=O)C(=C1C2OC3=O)C,-3.09
sample_738,CCOC(=O)C=Cc1ccccc1,-3.0
sample_591,CC1(C)C(C=C(Cl)Cl)C1C(=O)OCc2cccc(Oc3ccccc3)c2,-6.291
sample_51,CCC1(C(=O)NC(=O)NC1=O)C2=CCCCC2 ,-2.17
sample_465,O=C1NC(=O)NC(=O)C1(CC)c1ccccc1,-2.322
sample_210,CCOC(=O)C,-0.04
sample_218,CCOP(=S)(OCC)SCSc1ccc(Cl)cc1,-5.736000000000001
sample_951,CCN2c1nc(Cl)ccc1N(C)C(=O)c3cccnc23 ,-4.114
sample_174,CC1CC(C)C(=O)C(C1)C(O)CC2CC(=O)NC(=O)C2 ,-1.13
sample_777,CCCCC(CC)C=O,-2.13
sample_634,C1=Cc2cccc3cccc1c23,-3.96
sample_88,CC(C)C1CCC(C)CC1=O,-2.35
sample_636,CCNc1nc(NC(C)C)nc(OC)n1,-2.084
sample_542,CCCC(C)O,-0.29
sample_128,c1ccncc1,0.76
sample_701,CCC1(C(C)C)C(=O)NC(=O)NC1=O ,-2.21
sample_922,OC(C1=CC2C5C(C1C2=C(c3ccccc3)c4ccccn4)C(=O)NC5=O)(c6ccccc6)c7ccccn7 ,-3.931
sample_997,Nc2cnn(c1ccccc1)c(=O)c2Cl,-2.878
sample_626,CC1CO1,-0.59
sample_892,CCCCCC(O)CC,-1.98
sample_294,CCOC(=O)c1ccccc1S(=O)(=O)NN(C=O)c2nc(Cl)cc(OC)n2,-4.5760000000000005
sample_31,CCOP(=S)(OCC)SCSC(C)(C)C,-4.755
sample_96,c1(C#N)c(Cl)c(C#N)c(Cl)c(Cl)c(Cl)1,-5.64
sample_286,C(Cc1ccccc1)c2ccccc2,-4.62
sample_1012,BrCCBr,-1.68
sample_613,CCCCCCCCCO,-3.01
sample_243,CNc2cnn(c1cccc(c1)C(F)(F)F)c(=O)c2Cl,-4.046
sample_989,CCCCCCCCBr,-5.06
sample_1040,Cc1ccc(O)cc1C,-1.38
sample_784,Oc1c(Cl)ccc(Cl)c1Cl,-2.64
sample_551,Cc2ncc1nccnc1n2,-0.12
sample_158,COP(=S)(OC)Oc1cc(Cl)c(I)cc1Cl,-6.62
sample_846,O=C1CNC(=O)N1 ,-0.4
sample_428,Oc1ccc(c(O)c1)c3oc2cc(O)cc(O)c2c(=O)c3O ,-3.083
sample_247,Clc1ccc(Cl)c(Cl)c1,-3.59
sample_405,CC(=O)OCC(=O)C3CCC4C2CCC1=CC(=O)CCC1(C)C2CCC34C ,-4.63
sample_327,CCC(C)(C)CO,-1.04
sample_328,CCCOC(=O)CCC,-1.75
sample_101,c2(Cl)c(Cl)c(Cl)c1nccnc1c2(Cl) ,-5.43
sample_1048,NC(=O)c1ccccc1,-0.96
sample_10,O=C1CCCN1,1.07
sample_361,CC(=O)Nc1ccc(F)cc1,-1.78
sample_298,OCC1OC(CO)(OC2OC(COC3OC(CO)C(O)C(O)C3O)C(O)C(O)C2O)C(O)C1O,-0.41
sample_741,Cc1ccc(cc1)S(=O)(=O)N,-1.74
sample_761,NS(=O)(=O)c2cc1c(NC(NS1(=O)=O)C(Cl)Cl)cc2Cl ,-2.68
sample_289,Cc1ccc2c(ccc3ccccc32)c1,-5.84
sample_830,Cc1ccc(Br)cc1,-3.19
sample_457,Oc1ccc(Cl)c(Cl)c1,-1.25
sample_1117,NS(=O)(=O)c1cc(ccc1Cl)C2(O)NC(=O)c3ccccc23,-3.451
sample_1064,CNC(=O)C(C)SCCSP(=O)(OC)(OC),1.144
sample_388,CCCC(O)CC,-0.8
sample_716,O=C1N(COC(=O)CCC)C(=O)C(N1)(c2ccccc2)c3ccccc3,-5.071000000000001
sample_479,Cc1c(F)c(F)c(COC(=O)C2C(C=C(Cl)C(F)(F)F)C2(C)C)c(F)c1F,-7.321000000000001
sample_755,C1Cc2c3c1cccc3cc4c2ccc5ccccc54,-7.85
sample_703,Cc1ncc(N(=O)=O)n1CCO,-1.22
sample_355,ClCc1ccccc1,-2.39
sample_49,c2c(C)cc1nc(C)ccc1c2 ,-1.94
sample_107,Cc1c[nH]c(=O)[nH]c1=O ,-1.506
sample_59,CCCC(=O)C,-0.19
sample_507,COc1ncnc2nccnc12 ,-1.11
sample_318,Nc1ncnc2nc[nH]c12 ,-2.12
sample_782,CCCOCCC,-1.62
sample_198,Cc1ccccc1Cl,-3.52
sample_543,OC(C(=O)c1ccccc1)c2ccccc2,-2.85
sample_423,c1(Br)c(Br)cc(Br)cc1,-4.5
sample_244,CCCCCCCCC(=O)C,-3.3
sample_649,O=C1NC(=O)NC(=O)C1(C(C)C)CC=C,-1.7080000000000002
sample_23,CCOc1ccc(NC(=O)C)cc1,-2.35
sample_501,Brc1ccc(Br)cc1,-4.07
sample_629,Oc1cc(Cl)cc(Cl)c1Cl,-2.67
sample_548,ClC(=C(Cl)C(=C(Cl)Cl)Cl)Cl,-4.92
sample_974,CC(C)C(=O)C,-0.12
sample_916,c2ccc1[nH]ncc1c2 ,-2.16
sample_595,Cc1ccccc1N,-2.21
sample_425,O=C1NC(=O)NC(=O)C1(C(C)CCC)CC=C,-2.356
sample_404,CCC1(CC)C(=O)NC(=O)N(C)C1=O ,-2.23
sample_83,Cc1ccc(C)cc1,-2.77
sample_538,CCCI,-2.29
sample_884,Cc1cc(cc(N(=O)=O)c1O)N(=O)=O,-1.456
sample_918,Nc2nc1[nH]cnc1c(=O)[nH]2 ,-3.583
sample_292,CCN(CC)C(=O)C(=CCOP(=O)(OC)OC)Cl,0.523
sample_464,CC(C)(C)Cc1ccccc1,-4.15
sample_290,CCCCOC(=O)c1ccccc1C(=O)OCCCC ,-4.4
sample_696,COc2ccc(Oc1ccc(NC(=O)N(C)C)cc1)cc2,-4.16
sample_76,O=C1N(COC(=O)CCCCC)C(=O)C(N1)(c2ccccc2)c3ccccc3,-5.886
sample_809,O2c1ccccc1N(CC)C(=O)c3ccccc23 ,-3.68
sample_138,Clc1cccc(I)c1,-3.55
sample_435,CCCCCCCCO,-2.39
sample_588,Cc3cc2nc1c(=O)[nH]c(=O)nc1n(CC(O)C(O)C(O)CO)c2cc3C,-3.685
sample_1069,COc1ccccc1O,-1.96
sample_959,CCCC=C(CC)C=O,-2.46
sample_141,Cc1cccc(C)n1,0.45
sample_1052,CCN2c1nc(C)cc(C)c1NC(=O)c3cccnc23 ,-4.553999999999999
sample_1006,CCC(=O)CC,-0.28
sample_585,Nc1c(C)c[nH]c(=O)n1 ,-1.4580000000000002
sample_139,Brc1cccc2ccccc12,-4.35
sample_209,CCCCl,-1.47
sample_943,c2ccc1[nH]ccc1c2,-1.52
sample_877,ClCC#CCOC(=O)Nc1cccc(Cl)c1,-4.37
sample_220,c1cc2cccc3c4cccc5cccc(c(c1)c23)c54,-8.804
sample_1078,Oc1c(Cl)c(Cl)cc(Cl)c1Cl,-3.37
sample_1068,CCCC,-2.57
sample_497,c1ccc2cc3c4cccc5cccc(c3cc2c1)c45,-8.49
sample_371,O=N(=O)c1ccccc1,-1.8
sample_411,CCCC(C)C1(CC)C(=O)NC(=S)NC1=O ,-3.36
sample_954,Cc1cncc(C)c1,0.38
sample_825,O=C1NC(=O)NC(=O)C1(CC)C(C)C,-2.148
sample_1002,C1CCC2CCCCC2C1,-5.19
sample_442,CCN2c1ncccc1N(CC)C(=O)c3cccnc23 ,-2.86
sample_231,O=C1NC(=O)NC(=O)C1(C)CC=C,-1.16
sample_208,Fc1ccccc1,-1.8
sample_796,CCOP(=O)(OCC)OCC,0.43
sample_490,CC(C)Br,-1.59
sample_78,CCCBr,-1.73
sample_666,CC(C)C(C)C,-3.65
sample_199,CC(C)OC(C)C,-1.1
sample_394,CN(C(=O)NC(C)(C)c1ccccc1)c2ccccc2,-3.35
sample_855,Clc1ccc(cc1)C(c2ccc(Cl)cc2)C(Cl)(Cl)Cl,-7.15
sample_306,Clc1cccc(Cl)c1Cl,-4.0
sample_730,CCC2NC(=O)c1cc(c(Cl)cc1N2)S(N)(=O)=O,-3.29
sample_39,CCCCCCCI,-4.81
sample_30,CCc1ccc(CC)cc1,-3.75
sample_845,C1c2ccccc2c3cc4ccccc4cc13,-8.04
sample_136,CC(C)(C)c1ccc(O)cc1,-2.41
sample_54,Clc1cccc(c1Cl)c2c(Cl)c(Cl)cc(Cl)c2Cl ,-8.6
sample_843,Oc1ccc(O)cc1,-0.17
sample_334,Nc1cccc(Cl)c1,-1.37
sample_1057,Cc1ccccc1,-2.21
sample_582,Cc1cc(ccc1NS(=O)(=O)C(F)(F)F)S(=O)(=O)c2ccccc2,-3.8
sample_342,Cc1cccc(O)c1,-0.68
sample_724,O=C1NC(=O)c2ccccc12 ,-2.61
sample_3,c1ccc2c(c1)ccc3c2ccc4c5ccccc5ccc43,-7.87
sample_363,C1CCC=CC1,-2.59
sample_523,O=Cc1ccco1,-0.1
sample_1094,c1(C(C)(C)C)cc(C(C)(C)C)cc(OC(=O)NC)c1,-4.24
sample_713,CC(C)OC(=O)C,-0.55
sample_765,c1ccc2c(c1)cnc3ccccc23 ,-2.78
sample_808,CCN2c1ncccc1N(C)C(=S)c3cccnc23 ,-4.634
sample_277,CCS,-0.6
sample_351,Cc1ccc2ccccc2c1,-3.77
sample_58,Cc1cc2c3ccccc3ccc2c4ccccc14,-6.57
sample_1020,COC(=O)C=C,-0.22
sample_346,CCC1(C(=O)NC(=O)NC1=O)C2=CCC3CCC2C3,-2.696
sample_63,Nc1ccc(O)cc1,-0.8
sample_270,CCSC(=O)N(CC)C1CCCCC1 ,-3.4
sample_265,OC(Cn1cncn1)(c2ccc(F)cc2)c3ccccc3F,-3.37
sample_1013,CNC(=O)Oc1ccccc1C(C)C,-2.863
sample_100,CC12CCC3C(CCC4=CC(=O)CCC34C)C2CCC1C(=O)CO,-3.45
sample_168,CCN(=O)=O,-0.22
sample_990,CCCCNC(=O)n1c(NC(=O)OC)nc2ccccc12,-4.883
sample_598,CC(C)C=C,-2.73
sample_720,ClC=C,-1.75
sample_541,CC(=O)C1(O)CCC2C3CCC4=CC(=O)CCC4(C)C3CCC21C,-3.817
sample_693,COc1ccccc1,-1.85
sample_1125,CCSCCSP(=S)(OC)OC,-3.091
sample_789,CC(=O)Nc1ccccc1,-1.33
sample_1007,C=CC#N,0.15
sample_630,CCCCC(=O)OC,-1.34
sample_963,Fc1cccc(F)c1C(=O)NC(=O)Nc2ccc(Cl)cc2,-6.02
sample_844,CC34CCC1C(CCc2cc(O)ccc12)C3CC(O)C4O ,-4.955
sample_557,CCCCCCOC(=O)c1ccccc1C(=O)OCCCCCC,-6.144
sample_66,CCNc1nc(Cl)nc(n1)N(CC)CC,-4.06
sample_321,c1ccc2c(c1)c3cccc4c3c2cc5ccccc54,-8.23
sample_67,NC(=O)c1cnccn1,-0.667
sample_336,o1c2ccccc2c3ccccc13,-4.6
sample_429,ClC1(C(=O)C2(Cl)C3(Cl)C14Cl)C5(Cl)C2(Cl)C3(Cl)C(Cl)(Cl)C45Cl,-5.259
sample_12,CCCC=C,-2.68
sample_1036,O=C1NC(=O)NC(=O)C1(C(C)C)CC=C(C)C,-2.593
sample_570,CCCCc1c(C)nc(NCC)[nH]c1=O,-3.028
sample_876,Cc1cc(C)cc(O)c1,-1.4
sample_712,CCCOC,-0.39
sample_554,Brc1ccc2ccccc2c1,-4.4
sample_688,CSc1nc(nc(n1)N(C)C)N(C)C,-2.676
sample_780,c1ccc2c3c(ccc2c1)c4cccc5cccc3c45,-8.0
sample_184,CCOP(=S)(CC)Oc1cc(Cl)c(Cl)cc1Cl,-5.752000000000001
sample_504,CC1=C(CCCO1)C(=O)Nc2ccccc2 ,-2.56
sample_970,Clc1cccc(Cl)c1c2c(Cl)cccc2Cl ,-7.39
sample_568,Nc1ccc(cc1)c2ccc(N)cc2,-2.7
sample_1116,COP(=S)(OC)Oc1ccc(Sc2ccc(OP(=S)(OC)OC)cc2)cc1,-6.237
sample_451,CC(=O)OC3CCC4C2CCC1=CC(=O)CCC1(C)C2CCC34C ,-5.184
sample_1085,CCOP(=S)(OCC)N2C(=O)c1ccccc1C2=O,-3.35
sample_533,NC(=N)NS(=O)(=O)c1ccc(N)cc1 ,-1.99
sample_1076,CCCC(O)CCC,-1.4
sample_1033,CCCN(CCC)c1c(cc(cc1N(=O)=O)S(N)(=O)=O)N(=O)=O,-5.16
sample_839,C=Cc1ccccc1,-2.82
sample_1105,CC(C)(C)CO,-0.4
sample_754,COc2cc1c(N)nc(nc1c(OC)c2OC)N3CCN(CC3)C(=O)OCC(C)(C)O ,-3.638
sample_668,Clc1ccc(Cl)c(c1)c2cc(Cl)c(Cl)c(Cl)c2Cl,-7.68
sample_275,Ic1cccc2ccccc12,-4.55
sample_273,CCC(C)C1(CC=C)C(=O)NC(=O)NC1=O,-2.016
sample_237,CCCC(=O)CCC,-1.3
sample_331,C1CCCCCC1,-3.51
sample_309,OC1CCCCCCC1,-1.29
sample_2,CC(C)=CCCC(C)=CC(=O),-2.06
sample_6,Clc1cc(Cl)c(c(Cl)c1)c2c(Cl)cccc2Cl,-7.32
sample_708,CN(C)C(=O)NC1CC2CC1C3CCCC23,-3.1710000000000003
sample_864,CCNc1nc(Cl)nc(NC(C)(C)C#N)n1,-3.15
sample_1018,ClC(Cl)CC(=O)NC2=C(Cl)C(=O)c1ccccc1C2=O,-5.03
sample_260,CCOP(=S)(OCC)SC(CCl)N1C(=O)c2ccccc2C1=O,-6.34
sample_359,CCCCCC(=O)OC,-1.87
sample_215,Clc1ccc(cc1)c2ccc(Cl)cc2 ,-6.56
sample_539,CCNc1nc(NC(C)C)nc(SC)n1,-3.04
sample_439,ClCCBr,-1.32
sample_1122,Cc1cccc(c1)N(=O)=O,-2.44
sample_631,Nc1ccccc1,-0.41
sample_274,COP(=S)(OC)Oc1ccc(N(=O)=O)c(C)c1,-4.04
sample_824,Clc1ccc(Cl)c(c1)c2c(Cl)c(Cl)cc(Cl)c2Cl ,-7.42
sample_344,CCC(C)C(=O)OC2CC(C)C=C3C=CC(C)C(CCC1CC(O)CC(=O)O1)C23 ,-6.005
sample_745,CCCC1C(=O)N3N(C1=O)c2cc(C)ccc2N=C3N(C)C ,-3.5380000000000003
sample_814,CCOC(=O)c1ccccc1,-2.32
sample_1039,CC(=O)SC4CC1=CC(=O)CCC1(C)C5CCC2(C)C(CCC23CCC(=O)O3)C45,-4.173
sample_467,c2ccc1[nH]nnc1c2,-0.78
sample_256,c1ccc2ccccc2c1,-3.6
sample_25,CCCCCCCO,-1.81
sample_296,CCCCCCCl,-3.12
sample_47,c1ccccc1n2ncc(N)c(Br)c2(=O),-3.127
sample_106,Oc1ccccc1N(=O)=O,-1.74
sample_55,Cc1ccccc1O,-0.62
sample_723,CCN2c1cc(N(C)C)cc(C)c1NC(=O)c3cccnc23 ,-4.871
sample_213,CC12CCC(CC1)C(C)(C)O2 ,-1.64
sample_120,CCCC(=C)C,-3.03
sample_1115,O=C1NC(=O)C(=O)N1 ,-0.4
sample_308,O=N(=O)c1cc(Cl)c(Cl)cc1,-3.2
sample_72,CC1(C)C2CCC1(C)C(=O)C2,-1.96
sample_650,c1cc2ccc3cccc4ccc(c1)c2c34,-6.176
sample_449,OCC(O)COC(=O)c1ccccc1Nc2ccnc3cc(Cl)ccc23,-4.571000000000001
sample_958,CC(Cl)CCl,-1.6
sample_424,OC3N=C(c1ccccc1)c2cc(Cl)ccc2NC3=O ,-3.952
sample_594,C1CCCC1,-2.64
sample_981,O=C1N(C2CCC(=O)NC2=O)C(=O)c3ccccc13,-2.676
sample_323,CCC1(C(=O)NC(=O)NC1=O)c2ccccc2 ,-2.322
sample_597,CN(C)C(=O)Nc1cccc(OC(=O)NC(C)(C)C)c1 ,-2.93
sample_803,CCCOC(=O)c1ccc(N)cc1,-2.452
sample_1001,CN(C)c1ccccc1,-1.92
sample_721,CN(C)C(=O)C(c1ccccc1)c2ccccc2 ,-2.98
sample_912,COc1ccc(C=O)cc1,-1.49
sample_596,c1(OC)ccc(CC=C)cc1,-2.92
sample_890,OCCOc1ccccc1,-0.7
sample_447,CCCCCc1ccccc1,-4.64
sample_60,Clc1cc(Cl)c(Cl)c(c1Cl)c2c(Cl)c(Cl)cc(Cl)c2Cl ,-9.15
sample_486,CCOP(=S)(OCC)SCn1c(=O)oc2cc(Cl)ccc12,-5.233
sample_92,c1ccc2c(c1)c3cccc4cccc2c34,-6.0
sample_771,C1CCCCCCC1,-4.15
sample_1127,COP(=O)(OC)OC(=CCl)c1cc(Cl)c(Cl)cc1Cl,-4.522
sample_811,CCCCCC#C,-3.01
sample_280,NC(=O)c1ccccc1O,-1.82
sample_727,Cn1ccc(=O)[nH]c1=O,-0.807
sample_448,NC(=O)NC1NC(=O)NC1=O ,-1.6
sample_362,CCc1cccc(CC)c1N(COC)C(=O)CCl ,-3.26
sample_182,Cc1ccccc1n3c(C)nc2ccccc2c3=O,-2.925
sample_560,Clc1ccc(c(Cl)c1Cl)c2ccc(Cl)c(Cl)c2Cl ,-8.01
sample_979,CCCCCCCCC(=O)OC,-3.38
sample_110,Oc1c(I)cc(C#N)cc1I,-3.61
sample_427,C1SC(=S)NC1(=O),-1.77
sample_618,O=N(=O)OCC(CON(=O)=O)ON(=O)=O ,-2.22
sample_549,CCNc1nc(NC(C)(C)C)nc(SC)n1,-4.0
sample_726,COC(=O)c1ccccc1,-1.85
sample_367,CCC(=O)OC,-0.14
sample_1046,ClC1CC2C(C1Cl)C3(Cl)C(=C(Cl)C2(Cl)C3(Cl)Cl)Cl,-6.86
sample_261,COc1ccc(cc1)C(c2ccc(OC)cc2)C(Cl)(Cl)Cl,-6.89
sample_409,OC1CCCCCC1,-0.88
sample_566,CCOCCOCC,-0.77
sample_583,CC(=O)CC(c1ccc(Cl)cc1)c2c(O)c3ccccc3oc2=O,-5.839
sample_907,Clc1ccc(cc1)c2cc(Cl)ccc2Cl ,-6.25
sample_137,O=C2NC(=O)C1(CC1)C(=O)N2 ,-1.886
sample_616,Cc1ccc2cc(C)ccc2c1,-4.89
sample_711,CC(=O)OCC(=O)C3(O)CCC4C2CCC1=CC(=O)C=CC1(C)C2C(O)CC34C ,-4.37
sample_931,CC(C)c1ccc(C)cc1O,-2.22
sample_692,Oc1ccc(Cl)c(Cl)c1Cl,-2.67
sample_1065,Oc1cc(Cl)c(Cl)c(Cl)c1Cl,-3.15
sample_988,ClC1(C2(Cl)C3(Cl)C4(Cl)C5(Cl)C1(Cl)C3(Cl)Cl)C5(Cl)C(Cl)(Cl)C24Cl,-6.8
sample_29,CCCCCCCC(=O)OC,-3.17
sample_165,CC(C)=CCC/C(C)=C\CO,-2.46
sample_248,Cc3nnc4CN=C(c1ccccc1Cl)c2cc(Cl)ccc2n34,-4.09
sample_307,ClC(Cl)(Cl)Cl,-2.31
sample_837,COc1ccc(NC(=O)N(C)C)cc1Cl,-2.564
sample_390,Cc1ccc2cc3ccccc3cc2c1,-6.96
sample_354,CCOC(=O)CC(SP(=S)(OC)OC)C(=O)OCC,-3.37
sample_903,CCOC(=O)CC,-0.66
sample_792,OC1C=CC2C1C3(Cl)C(=C(Cl)C2(Cl)C3(Cl)Cl)Cl ,-5.46
sample_477,CCCCCCBr,-3.81
sample_886,Oc1cccc(Cl)c1,-0.7
sample_930,Cc1c(C)c(C)c(C)c(C)c1C,-5.23
sample_670,FC(F)(Cl)C(F)(Cl)Cl,-3.04
sample_65,OC4=C(C1CCC(CC1)c2ccc(Cl)cc2)C(=O)c3ccccc3C4=O,-5.931
sample_398,CN(C(=O)COc1nc2ccccc2s1)c3ccccc3,-4.873
sample_736,c1cccc2c3c(C)cc4ccccc4c3ccc12,-6.59
sample_1022,N(=Nc1ccccc1)c2ccccc2,-4.45
sample_430,CCN(CC)C(=S)SSC(=S)N(CC)CC,-4.86
sample_254,CC(=O)OC3(CCC4C2C=C(C)C1=CC(=O)CCC1(C)C2CCC34C)C(C)=O ,-5.35
sample_1096,O=C(c1ccccc1)c2ccccc2,-3.12
sample_312,C/C1CCC(\C)CC1,-4.47
sample_433,CN(C)C=Nc1ccc(Cl)cc1C,-2.86
sample_221,Cc1ccc(cc1N(=O)=O)N(=O)=O,-2.82
sample_235,CCNc1nc(Cl)nc(NC(C)C)n1,-3.85
sample_461,CCN(CC)c1ccccc1,-3.03
sample_622,Cn2cc(c1ccccc1)c(=O)c(c2)c3cccc(c3)C(F)(F)F,-4.445
sample_305,CCOP(=S)(NC(C)C)Oc1ccccc1C(=O)OC(C)C,-4.194
sample_380,CCCCCC(=O)OCC,-2.35
sample_1093,O=C2NC(=O)C1(CCCCCCC1)C(=O)N2,-2.982
sample_1071,ClC(Cl)C(Cl)(Cl)Cl,-2.6
sample_249,Oc1ccccc1O,0.62
sample_661,Clc1ccc(c(Cl)c1)c2c(Cl)c(Cl)c(Cl)c(Cl)c2Cl,-7.92
sample_753,C/C1CCCCC1\C,-4.3
sample_71,Clc2ccc(Oc1ccc(cc1)N(=O)=O)c(Cl)c2,-5.46
sample_94,Cc1cc(C)c2ccccc2c1,-4.29
sample_665,Clc1ccc(Br)cc1,-3.63
sample_33,ClC(=C)Cl,-1.64
sample_1108,CC=C,-1.08
sample_259,Cc1c2ccccc2c(C)c3ccc4ccccc4c13,-7.02
sample_204,CCNP(=S)(OC)OC(=CC(=O)OC(C)C)C,-3.408
sample_485,COP(=O)(OC)C(O)C(Cl)(Cl)Cl,-0.22
sample_822,Cc1ncc(N(=O)=O)n1CCO ,-1.26
sample_889,O=C1NC(=O)NC(=O)C1(C)CC,-1.228
sample_365,c1cncnc1,1.1
sample_77,Clc1cccc(c1)c2cc(Cl)ccc2Cl ,-6.01
sample_84,CCc1ccccc1CC,-3.28
sample_432,ClC1=C(Cl)C(Cl)(C(=C1Cl)Cl)C2(Cl)C(=C(Cl)C(=C2Cl)Cl)Cl,-7.278
sample_82,NC(=S)N,0.32
sample_1070,CC1CC2C3CCC(O)(C(=O)C)C3(C)CC(O)C2(F)C4(C)C=CC(=O)C=C14,-4.099
sample_535,CC1CCCO1,0.11
sample_1074,CC(C)Cc1ccccc1,-4.12
sample_927,Nc1nc(=O)[nH]cc1F,-0.972
sample_937,CCC(C)C(=O)C,-0.67
sample_652,CC1(C)CON(Cc2ccccc2Cl)C1=O,-2.338
sample_552,CC23Cc1cnoc1C=C2CCC4C3CCC5(C)C4CCC5(O)C#C,-5.507000000000001
sample_350,CC(C)O,0.43
sample_605,CC(=O)N,1.58
sample_5,c2ccc1scnc1c2 ,-1.5
sample_310,CC1(O)CCC2C3CCC4=CC(=O)CCC4(C)C3CCC21C,-3.999
sample_921,CCCC(O)C=C,-0.59
sample_752,Oc1cccc2ccccc12,-2.22
sample_104,CCc1cccc2ccccc12,-4.17
sample_97,Clc1ccc(Cl)c(c1)c2ccc(Cl)c(Cl)c2,-7.25
sample_810,C1CCOCC1,-0.03
sample_1024,Oc1c(Cl)cccc1Cl,-1.79
sample_314,COC(C)(C)C,-0.24
sample_530,O2c1ccccc1N(C)C(=O)c3cccnc23 ,-3.672
sample_526,CC(=C)C,-2.33
sample_62,CC34CC(O)C1(F)C(CCC2=CC(=O)C=CC12C)C3CC(O)C4(O)C(=O)CO,-3.68
sample_281,Cc1ccccc1N(=O)=O,-2.33
sample_1051,CCCCC(O)CC,-1.47
sample_266,CC(=O)OCC(=O)C3(O)C(CC4C2CCC1=CC(=O)C=CC1(C)C2(F)C(O)CC34C)OC(C)=O ,-4.13
sample_578,CC34CC(=O)C1C(CCC2=CC(=O)CCC12C)C3CCC4(=O) ,-3.48
sample_238,CC(=O)C(C)(C)C,-0.72
sample_572,Nc1ccccc1Cl,-1.52
sample_145,Oc2ncc1nccnc1n2,-1.947
sample_1053,Oc1cc(Cl)cc(Cl)c1,-1.34
sample_602,Sc2nc1ccccc1s2 ,-3.18
sample_644,Oc1ccc(cc1)C2(OC(=O)c3ccccc23)c4ccc(O)cc4 ,-2.9
sample_118,CCCCCCc1ccccc1,-5.21
sample_762,CC=C(C)C,-2.56
sample_531,C1c2ccccc2c3ccccc13,-5.0
sample_250,CCN2c1ncccc1N(C)C(=O)c3cccnc23 ,-2.62
sample_1087,CCN(CC)C(=S)SCC(Cl)=C,-3.39
sample_285,O=C1NC(=O)NC(=O)C1(CC)CC,-2.4
sample_494,CCC,-1.94
sample_9,COc5cc4OCC3Oc2c1CC(Oc1ccc2C(=O)C3c4cc5OC)C(C)=C ,-4.42
sample_532,CC1CCCCC1,-3.85
sample_561,CC(=O)CC(c1ccccc1)c3c(O)c2ccccc2oc3=O ,-3.893
sample_196,CCCCC#C,-2.36
sample_757,CCCCCC(=O)C,-1.45
sample_370,CN1CC(O)N(C1=O)c2nnc(s2)C(C)(C)C,-1.877
sample_81,Cc1ncnc2nccnc12,-0.466
sample_389,c3ccc2c(O)c1ccccc1cc2c3 ,-4.73
sample_545,Clc1cccc(c1)N(=O)=O,-2.77
sample_1009,CCCCC(=O)C,-0.8
sample_986,CC(C)=CC3C(C(=O)OCc2cccc(Oc1ccccc1)c2)C3(C)C ,-5.24
sample_718,c1cc2ccc3ccc4ccc5ccc6ccc1c7c2c3c4c5c67,-9.332
sample_599,Oc1ccccn1,1.02
sample_239,Oc1ccc(Cl)cc1,-0.7
sample_909,NC(N)=NC#N ,-0.31
sample_211,CCCC(C)(C)C,-4.36
sample_493,CN2C(=O)CN=C(c1ccccc1)c3cc(ccc23)N(=O)=O,-3.796
sample_893,CCN(Cc1c(F)cccc1Cl)c2c(cc(cc2N(=O)=O)C(F)(F)F)N(=O)=O,-6.78
sample_144,Cc1cccc(C)c1,-2.82
sample_1032,Oc1c(Cl)cc(Cl)cc1Cl,-2.34
sample_593,O=C1N(COC(=O)CC)C(=O)C(N1)(c2ccccc2)c3ccccc3,-4.907
sample_227,CC(=C)C=C,-2.03
sample_1043,NC(=O)c1cccnc1 ,0.61
sample_1030,CC45CCC2C(CCC3CC1SC1CC23C)C4CCC5O,-5.41
sample_675,CC12CC2(C)C(=O)N(C1=O)c3cc(Cl)cc(Cl)c3,-4.8
sample_985,c1c(NC(=O)OC(C)C(=O)NCC)cccc1,-1.83
sample_177,O=C1NC(=O)NC(=O)C1(CC)C(C)CC,-2.39
sample_1089,CC(=O)Nc1cc(NS(=O)(=O)C(F)(F)F)c(C)cc1C,-3.24
sample_617,CCSC(=O)N(CC(C)C)CC(C)C,-3.68
sample_135,C1Cc2ccccc2C1,-3.04
sample_790,c1cc(O)c(O)c2OCC3(O)CC4=CC(=O)C(O)=CC4=C3c21,-2.7
sample_1081,CC=CC=O,0.32
sample_529,CCOC(=O)CCN(SN(C)C(=O)Oc1cccc2CC(C)(C)Oc21)C(C)C,-4.71
sample_1123,FC(F)(F)C(Cl)Br ,-1.71
sample_7,CC12CCC3C(CCc4cc(O)ccc34)C2CCC1O,-5.03
sample_462,Fc1cccc(F)c1,-2.0
sample_155,CCCOC(=O)C,-0.72
sample_1008,CC1CC2C3CC(F)C4=CC(=O)C=CC4(C)C3(F)C(O)CC2(C)C1(O)C(=O)CO,-5.613
sample_357,CON(C)C(=O)Nc1ccc(Br)c(Cl)c1,-3.924
sample_667,CCC=C,-1.94
sample_223,CNC(=O)Oc1cccc(N=CN(C)C)c1,-2.34
sample_329,Cc1c(cc(cc1N(=O)=O)N(=O)=O)N(=O)=O,-3.22
sample_614,BrCBr,-1.17
sample_947,CCC1CCCCC1,-4.25
sample_914,CCCCCCC(=O)OCC,-2.74
sample_964,Oc1cc(Cl)ccc1Oc2ccc(Cl)cc2Cl,-4.46
sample_788,CCCCCCCCCCCCCCCCCCO,-8.4
sample_706,c1ccoc1,-0.82
sample_774,Sc1nccc(=O)[nH]1 ,-2.273
sample_1029,CCC(O)(CC)CC,-0.85
sample_678,c1c(OC)c(OC)C2C(=O)OCC2c1,-1.899
sample_722,BrC(Br)(Br)Br,-3.14
sample_1088,ClCC,-1.06
sample_913,CC(=O)Nc1ccc(cc1)N(=O)=O,-2.692
sample_575,CCCCOC=O,-1.37
sample_1003,CCCCS,-2.18
sample_1073,CC(C)CO,0.1
sample_440,Nc1ccc(cc1)N(=O)=O,-2.37
sample_728,CCCCC1C(=O)N(N(C1=O)c2ccc(O)cc2)c3ccccc3 ,-3.73
sample_881,CNc1ccccc1,-1.28
sample_832,CC(C)NC(=O)N1CC(=O)N(C1=O)c2cc(Cl)cc(Cl)c2,-4.376
sample_163,CCCCOC(=O)c1ccc(N)cc1,-3.082
sample_228,CC(C)=CCCC(O)(C)C=C,-1.99
sample_522,Clc1cc(Cl)cc(Cl)c1,-4.48
sample_908,Clc1ccc(c(Cl)c1)c2cc(Cl)c(Cl)c(Cl)c2Cl ,-7.39
sample_212,Cc1cc(C)c(C)c(C)c1C,-4.0
sample_950,CC(C)OC(=O)Nc1cccc(Cl)c1,-3.38
sample_79,CCCC1COC(Cn2cncn2)(O1)c3ccc(Cl)cc3Cl,-3.4930000000000003
sample_148,CCC(=O)C,0.52
sample_302,Nc1ccc(cc1)S(N)(=O)=O,-1.34
sample_506,CCC#C,-1.24
sample_689,C=C,-0.4
sample_628,CCNC(=S)NCC,-1.46
sample_513,COc2ncc1nccnc1n2,-1.11
sample_43,CC(C)C1CCC(C)CC1O ,-2.53
sample_528,CC(=C)C(=C)C,-2.4
sample_133,CCOC(=O)CC(=O)OCC,-0.82
sample_707,COCCCNc1nc(NC(C)C)nc(SC)n1,-2.928
sample_534,COC(=O)c1ccc(O)cc1,-1.827
sample_620,CCCCCl,-2.03
sample_311,CCOc1ccc(NC(N)=O)cc1,-2.17
sample_408,CON(C)C(=O)Nc1ccc(Cl)c(Cl)c1,-3.592
sample_587,c1c(NC(=O)c2ccccc2(I))cccc1,-4.21
sample_760,c1cC2C(=O)NC(=O)C2cc1,-2.932
sample_589,Fc1ccccc1Br,-2.7
sample_976,CC12CCC(CC1)C(C)(C)O2,-1.74
sample_1124,CNC(=O)ON=C(SC)C(=O)N(C)C,0.106
sample_935,c2ccc1NCCc1c2 ,-1.04
sample_0,OCC3OC(OCC2OC(OC(C#N)c1ccccc1)C(O)C(O)C2O)C(O)C(O)C3O ,-0.77
sample_422,ClC(Cl)C(Cl)(Cl)SN2C(=O)C1CC=CCC1C2=O ,-5.4
sample_360,CN(C)C(=O)Nc1ccc(c(Cl)c1)n2nc(oc2=O)C(C)(C)C,-4.328
sample_382,CN(C=Nc1ccc(C)cc1C)C=Nc2ccc(C)cc2C,-5.47
sample_316,CCCCCCCCCCCCCCCCO,-7.0
sample_961,CC(=O)OC3(C)CCC4C2CCC1=CC(=O)CCC1(C)C2CCC34C ,-5.284
sample_475,CCI,-1.6
sample_880,CCC(C)(C)C,-3.55
sample_677,CCC(C)c1cc(cc(N(=O)=O)c1O)N(=O)=O ,-3.38
sample_968,CCCCCCCCOC(=O)c1ccccc1C(=O)OCCCCCCCC ,-5.115
sample_807,CCCCc1c(C)nc(NCC)nc1OS(=O)(=O)N(C)C ,-4.16
sample_172,CC(=O)C3CCC4C2CC=C1CC(O)CCC1(C)C2CCC34C ,-4.65
sample_450,ClC(Cl)C(c1ccc(Cl)cc1)c2ccc(Cl)cc2,-7.2
sample_125,CC(=O)OCC(COC(=O)C)OC(=O)C,-0.6
sample_558,c1ccc2c(c1)sc3ccccc23,-4.38
sample_90,O=N(=O)c1c(Cl)c(Cl)ccc1,-3.48
sample_1092,CNC(=O)ON=C(CSC)C(C)(C)C ,-1.62
sample_181,CCOc1ccc(cc1)C(C)(C)COCc3cccc(Oc2ccccc2)c3,-8.6
sample_621,ClC(Cl)(Cl)C(NC=O)N1C=CN(C=C1)C(NC=O)C(Cl)(Cl)Cl ,-4.19
sample_867,CCCCC(CC)COC(=O)c1ccccc1C(=O)OCC(CC)CCCC,-6.96
sample_251,CSC,-0.45
sample_69,Clc1ccccc1c2ccccc2Cl ,-5.27
sample_131,CC34CC(O)C1(F)C(CCC2=CC(=O)CCC12C)C3CCC4(O)C(=O)CO ,-3.43
sample_300,CCN2c1ccccc1N(C)C(=O)c3cccnc23 ,-3.324
sample_584,CCc1ccc2ccccc2c1,-4.29
sample_326,CCN(CC)C(=O)CSc1ccc(Cl)nn1,-1.716
sample_882,C=CCC=C,-2.09
sample_499,C1Cc2cccc3cccc1c23,-4.63
sample_581,CBr,-0.79
sample_798,COc2cnc1cncnc1n2,-0.91
sample_495,Nc1cc(nc(N)n1=O)N2CCCCC2 ,-1.989
sample_338,CN(C)C(=O)Nc1cccc(c1)C(F)(F)F,-3.43
sample_910,ClC(Cl)(Cl)N(=O)=O,-2.0
sample_164,O2c1cc(C)ccc1N(C)C(=O)c3cc(N)cnc23 ,-3.043
sample_28,ClC(Cl)=C(c1ccc(Cl)cc1)c2ccc(Cl)cc2,-6.9
sample_516,CC#N,0.26
sample_193,CCC(C)Cl,-1.96
sample_679,OCC(O)CO,1.12
sample_169,CCN(CC(C)=C)c1c(cc(cc1N(=O)=O)C(F)(F)F)N(=O)=O,-6.124
sample_700,CCOP(=S)(OCC)SCSP(=S)(OCC)OCC,-5.54
sample_173,CI,-1.0
sample_518,CC(=O)N(S(=O)c1ccc(N)cc1)c2onc(C)c2C ,-3.59
sample_799,ClC2=C(Cl)C3(Cl)C1C=CCC1C2(Cl)C3(Cl)Cl ,-5.64
sample_987,CN(C)C(=O)NC1CCCCCCC1,-2.218
sample_491,CC(C)CC(C)(C)C,-4.74
sample_73,O=C1NC(=O)NC(=O)C1(CC=C)c1ccccc1,-2.369
sample_851,CCCCC(=O)OC3(C(C)CC4C2CCC1=CC(=O)C=CC1(C)C2(F)C(O)CC34C)C(=O)CO,-4.71
sample_234,Cc1ccc(cc1)c2ccccc2,-4.62
sample_214,CCCCOC(=O)CCCCCCCCC(=O)OCCCC,-3.896
sample_823,CCCCCC1CCCC1,-6.08
sample_132,CCSCc1ccccc1OC(=O)NC ,-2.09
sample_673,COc1ccccc1N(=O)=O,-1.96
sample_817,CCCCCCCCCCCC(=O)OC,-4.69
sample_185,CC12CCC(=O)C=C1CCC3C2CCC4(C)C3CCC4(O)C#C ,-5.66
sample_41,OCCCC=C,-0.15
sample_108,CC(C)C,-2.55
sample_737,CCOc1ccccc1,-2.33
sample_567,Clc1cc(Cl)c(Cl)cc1Cl,-5.56
sample_868,CCc1ccccn1,0.51
sample_483,Nc1nc[nH]n1,0.522
sample_468,CNC(=O)Oc1cccc2CC(C)(C)Oc12,-2.8
sample_24,CCN(CC)c1c(cc(c(N)c1N(=O)=O)C(F)(F)F)N(=O)=O,-5.47
sample_992,CCC(O)CC,-0.24
sample_1050,COC(=O)c1ccccc1OC2OC(COC3OCC(O)C(O)C3O)C(O)C(O)C2O,-0.742
sample_660,Clc2ccc1oc(=O)[nH]c1c2,-2.8310000000000004
sample_862,Clc1ccc(cc1Cl)c2cc(Cl)c(Cl)c(Cl)c2Cl ,-7.82
sample_366,Clc1ccc(cc1)N(=O)=O,-2.92
sample_731,CN(C)C(=O)Nc1ccc(Cl)c(Cl)c1,-3.8
sample_940,CN(=O)=O,0.26
sample_383,COc1nc(NC(C)C)nc(NC(C)C)n1,-2.478
sample_454,CCCCC(C)O,-0.89
sample_264,CN(C)C(=O)Nc1ccc(Cl)cc1,-2.89
sample_746,CN2C(=O)CN=C(c1ccccc1)c3cc(Cl)ccc23,-3.754
sample_850,Cc1c(C)c2c3ccccc3ccc2c4ccccc14,-7.01
sample_444,CCCCCCCC=C,-5.05
sample_395,CCCC(=O)CC,-0.83
sample_176,CC1=CC(=O)CC(C)(C)C1 ,-1.06
sample_18,CCOP(=S)(OCC)Oc1cc(C)nc(n1)C(C)C,-3.64
sample_615,CC1CC2C3CCC4=CC(=O)C=CC4(C)C3(F)C(O)CC2(C)C1(O)C(=O)CO,-3.59
sample_1061,COC1=CC(=O)CC(C)C13Oc2c(Cl)c(OC)cc(OC)c2C3=O,-3.2460000000000004
sample_61,CCCOC(=O)CC,-0.82
sample_272,CC1(C)C(C=C(Br)Br)C1C(=O)OC(C#N)c2cccc(Oc3ccccc3)c2,-8.402000000000001
sample_1059,C1CCC=CCC1,-3.18
sample_278,ClCC(Cl)Cl,-1.48
sample_732,C1CC=CC1,-2.1
sample_368,Clc1ccccc1N(=O)=O,-2.55
sample_887,Clc1cccc(Br)c1,-3.21
sample_715,CCOC(=O)c1ccc(O)cc1,-2.35
sample_674,CC34CCC1C(CC=C2CC(O)CCC12C)C3CCC4=O,-4.12
sample_547,Clc1ccc(c(Cl)c1)c2cc(Cl)ccc2Cl ,-6.57
sample_879,Clc1ccc(Cl)c(c1)c2c(Cl)c(Cl)c(Cl)c(Cl)c2Cl,-8.94
sample_783,CCCCCCCCCCCCCCO,-5.84
sample_456,CCOC(=O)c1cncn1C(C)c2ccccc2,-4.735
sample_393,CCCCCCCC(C)O,-2.74
sample_1060,CN(C)C(=S)SSC(=S)N(C)C ,-3.9
sample_901,CC1(C)C(C(=O)OC(C#N)c2cccc(Oc3ccccc3)c2)C1(C)C,-6.025
sample_375,CCCCOCN(C(=O)CCl)c1c(CC)cccc1CC ,-4.19
sample_412,CC(=O)Nc1nnc(s1)S(N)(=O)=O ,-2.36
sample_74,CCCCC(=O)OCC,-2.25
sample_1055,CCCCC(CC)CO,-2.11
sample_500,CCOP(=S)(OCC)SC(CCl)N2C(=O)c1ccccc1C2=O,-6.34
sample_717,CCC(=O)OC3CCC4C2CCC1=CC(=O)CCC1(C)C2CCC34C ,-5.37
sample_114,Nc3ccc2cc1ccccc1cc2c3 ,-5.17
sample_417,Clc1cccc(c1Cl)c2cccc(Cl)c2Cl,-7.28
sample_601,Clc1ccccc1Cl,-3.05
sample_604,COc2c1occc1cc3ccc(=O)oc23 ,-3.664
sample_89,CCN2c1cc(Cl)ccc1NC(=O)c3cccnc23 ,-5.36
sample_1079,CCCc1ccccc1,-3.37
sample_498,OC(c1ccc(Cl)cc1)(c2ccc(Cl)cc2)C(Cl)(Cl)Cl,-5.666
sample_759,CCCCSP(=O)(SCCCC)SCCCC,-5.14
sample_904,CSc1nc(NC(C)C)nc(NC(C)C)n1,-4.1
sample_764,Oc1cc(Cl)c(Cl)cc1Cl,-2.21
sample_11,Clc1ccc2ccccc2c1,-4.14
sample_396,Oc1c(Br)cc(C#N)cc1Br ,-3.33
sample_657,c1ccc2ncccc2c1,-1.3
sample_983,CCO,1.1
sample_42,O=C2NC(=O)C1(CCC1)C(=O)N2,-1.655
sample_167,O=C1N(COC(=O)CCCCCCC)C(=O)C(N1)(c2ccccc2)c3ccccc3,-6.523
sample_416,Nc1ccccc1N(=O)=O,-1.96
sample_576,CC12CC(O)C3C(CCC4=CC(=O)C=CC34C)C2CCC1(O)C(=O)CO,-3.18
sample_939,OC(CC(c1ccccc1)c3c(O)c2ccccc2oc3=O)c4ccc(cc4)c5ccc(Br)cc5 ,-4.445
sample_704,Nc1ccc(Cl)cc1,-1.66
sample_426,c1(O)c(C)ccc(C(C)C)c1,-2.08
sample_544,Cc1ccc(O)c(C)c1,-1.19
sample_1056,CC(C)N(C(C)C)C(=O)SCC(=CCl)Cl,-4.2860000000000005
sample_1106,CC(C)(C)C(=O)C(Oc1ccc(Cl)cc1)n2cncn2,-3.61
sample_852,O=c2[nH]c(=O)c1[nH]c(=O)[nH]c1[nH]2 ,-3.93
sample_767,CCCCCCCC,-5.24
sample_257,CCNc1ccccc1,-1.7
sample_335,CC(C)CC(C)C,-4.26
sample_15,CC(C)Cl,-1.41
sample_785,NC(=O)N,0.96
sample_324,Clc1ccc(cc1)c2cccc(Cl)c2Cl ,-6.29
sample_948,CCCCCCCC(=O)C,-2.58
sample_941,CC(C)N(C(C)C)C(=O)SCC(Cl)=C(Cl)Cl,-4.88
sample_222,c1c(Br)ccc2ccccc12 ,-4.4
sample_179,CCC1(CCC(=O)NC1=O)c2ccccc2 ,-2.337
sample_99,CC(C)c1ccccc1,-3.27
sample_521,CC1CCCCC1NC(=O)Nc2ccccc2,-4.11
sample_22,CCOP(=S)(OCC)SCSCC,-4.11
sample_356,C/C=C/C=O,0.32
sample_833,CCCCN(CC)c1c(cc(cc1N(=O)=O)C(F)(F)F)N(=O)=O,-5.53
sample_1047,CSSC,-1.44
sample_611,c1ccc2c(c1)ccc3ccccc32,-5.26
sample_874,O=C2NC(=O)C1(CCCCCC1)C(=O)N2 ,-3.168
sample_340,CC12CC(=O)C3C(CCC4=CC(=O)CCC34C)C2CCC1(O)C(=O)CO,-3.11
sample_431,C1CCCCC1,-3.1
sample_682,Cc1c2ccccc2cc3ccccc13,-5.89
sample_217,CC(=C)C1CC=C(C)C(=O)C1,-2.06
sample_203,CCOP(=S)(OCC)ON=C(C#N)c1ccccc1,-4.862
sample_787,Brc1cccc(Br)c1,-3.54
sample_93,CCCOC(C)C,-1.34
sample_695,CC13CCC(=O)C=C1CCC4C2CCC(C(=O)CO)C2(CC(O)C34)C=O ,-3.85
sample_68,CCC(Br)(CC)C(=O)NC(N)=O,-2.68
sample_1077,CCCCCOC(=O)C,-1.89
sample_284,CCCCCCCCl,-4.0
sample_994,CC(C)CCCO,-1.14
sample_434,CC34CCc1c(ccc2cc(O)ccc12)C3CCC4=O,-5.24
sample_694,c1ccc(Cl)cc1C(c2ccc(Cl)cc2)(O)C(=O)OC(C)C,-4.53
sample_153,CCCCCCl,-2.73
sample_75,CC(C)CCOC(=O)C,-1.92
sample_911,Clc1cccc(Cl)c1c2ccccc2 ,-5.21
sample_580,Oc1ccc(C=O)cc1,-0.96
sample_446,CCC(C)(O)CC,-0.36
sample_188,C1C(O)CCC2(C)CC3CCC4(C)C5(C)CC6OCC(C)CC6OC5CC4C3C=C21,-7.32
sample_271,COc1ccc(Cl)cc1,-2.78
sample_236,NC(=S)Nc1ccccc1,-1.77
sample_487,OCc1ccccc1,-0.4
sample_1090,O=C(C=CC=Cc2ccc1OCOc1c2)N3CCCCC3,-3.46
sample_559,Clc1ccc(c(Cl)c1)c2ccc(Cl)c(Cl)c2Cl ,-7.8
sample_117,COP(=S)(OC)SCC(=O)N(C(C)C)c1ccc(Cl)cc1,-4.432
sample_919,COC(=O)C,0.46
sample_1010,CCNc1nc(NC(C)(C)C)nc(OC)n1,-3.239
sample_512,Cc1c[nH]c2ccccc12 ,-2.42
sample_633,NS(=O)(=O)c2cc1c(NCNS1(=O)=O)cc2Cl ,-2.63
sample_915,CC(=O)Nc1ccc(O)cc1,-1.03
sample_872,CN(C)c1nc(nc(n1)N(C)C)N(C)C,-3.364
sample_740,Clc1ccccc1C2=NCC(=O)Nc3ccc(cc23)N(=O)=O,-3.499
sample_126,CCCCc1c(C)nc(nc1O)N(C)C ,-2.24
sample_116,c1ccc2cnccc2c1,-1.45
sample_473,COP(=S)(OC)Oc1ccc(cc1Cl)N(=O)=O,-4.31
sample_861,NS(=O)(=O)c3cc2c(NC(Cc1ccccc1)NS2(=O)=O)cc3C(F)(F)F,-3.59
sample_57,Cc1ccc(C)c2ccccc12,-4.14
sample_603,Clc1c(Cl)c(Cl)c(c(Cl)c1Cl)c2c(Cl)c(Cl)c(Cl)c(Cl)c2Cl ,-11.6
sample_841,Cc1ccccc1C,-2.8
sample_656,FC(F)(F)c1cccc(c1)N2CC(CCl)C(Cl)C2=O,-4.047
sample_786,CCCC#C,-1.64
sample_801,c1ccc2c(c1)[nH]c3ccccc32,-5.27
sample_105,COC=O,0.58
sample_635,CCCCCOC(=O)CC,-1.28
sample_369,CCCCN(C)C(=O)Nc1ccc(Cl)c(Cl)c1,-4.77
sample_268,Brc1cc(Br)c(Br)cc1Br,-6.98
sample_655,CC12CCC(O)CC1CCC3C2CCC4(C)C3CCC4=O,-4.402
sample_46,CC(=O)Nc1ccc(Br)cc1,-3.083
sample_349,CCCOCC,-0.66
sample_195,CC(C)Oc1cc(c(Cl)cc1Cl)n2nc(oc2=O)C(C)(C)C,-5.696000000000001
sample_102,C1OC(O)C(O)C(O)C1O,0.39
sample_4,c1ccsc1,-1.33
sample_984,O=C2NC(=O)C1(CCCC1)C(=O)N2,-2.349
sample_859,CCCCCC,-3.84
sample_917,CC5(C)OC4CC3C2CCC1=CC(=O)C=CC1(C)C2(F)C(O)CC3(C)C4(O5)C(=O)CO ,-4.31
sample_263,O=C1N(COC(=O)CCCC)C(=O)C(N1)(c2ccccc2)c3ccccc3,-4.678
sample_933,CCOP(=S)(OCC)Oc1ccc(cc1)N(=O)=O,-4.66
sample_443,Clc1ccccc1,-2.38
sample_842,CCC(C)O,0.47
sample_923,CCCCOCCCC,-1.85
sample_945,CCCCC=C,-3.23
sample_304,ClC1C(Cl)C(Cl)C(Cl)C(Cl)C1Cl,-4.64
sample_341,OCC1OC(O)C(O)C(O)C1O,0.74
sample_896,CCCCC(C)(C)O,-1.08
sample_313,c1cnc2c(c1)ccc3ncccc23,-2.68
sample_149,Fc1c[nH]c(=O)[nH]c1=O ,-1.077
sample_124,CCCCCCCCC=C,-5.51
sample_973,O=N(=O)c1ccccc1N(=O)=O,-3.1
sample_1015,C1c2ccccc2c3ccc4ccccc4c13,-6.68
sample_697,CCc1ccc(C)cc1,-3.11
sample_664,Fc1cccc(Br)c1,-2.67
sample_50,CCCCCCC#C,-3.66
sample_353,CCC(C(CC)c1ccc(O)cc1)c2ccc(O)cc2,-4.43
sample_1083,Cc1cc(C)c(C)cc1C,-4.59
sample_142,ClC=C(Cl)Cl,-1.96
sample_470,CC(C)C(C)O,-0.18
sample_653,CCCCOCCO,-0.42
sample_399,Oc1cccc2ncccc12 ,-2.54
sample_781,CCC(CC)C=O,-1.52
sample_320,COc1ccc(cc1)C(O)(C2CC2)c3cncnc3 ,-2.596
sample_19,CCCCCCCCCC(C)O,-2.94
sample_684,CCCCOC,-0.99
sample_1000,CCOC=O,0.15
sample_977,Cc2cccc3sc1nncn1c23 ,-2.07
sample_999,Cc1ccc(O)cc1,-0.73
sample_407,CN(C)C(=O)Nc1ccc(C)c(Cl)c1,-3.483
sample_537,OCC2OC(Oc1ccccc1CO)C(O)C(O)C2O,-0.85
sample_991,CN(C)c2c(C)n(C)n(c1ccccc1)c2=O ,-0.364
sample_1086,c1ccccc1NC(=O)c2c(O)cccc2,-3.59
sample_38,CCCOP(=S)(OCCC)SCC(=O)N1CCCCC1C,-4.15
sample_175,O=C1N(COC(=O)CCCCCC)C(=O)C(N1)(c2ccccc2)c3ccccc3,-6.301
sample_245,CCN(CC)c1nc(Cl)nc(NC(C)C)n1,-3.785
sample_1023,CC(C)c1ccc(C)cc1,-3.77
sample_834,Cc1cc(C)c(O)c(C)c1,-2.05
sample_936,O=N(=O)c1cccc2ccccc12,-3.54
sample_489,Oc1ccc(Br)cc1,-1.09
sample_154,C=CC=C,-1.87
sample_638,CCBr,-1.09
sample_662,O=C1NC(=O)C(=O)C(=O)N1 ,-1.25
sample_287,ClC(Cl)C(Cl)Cl,-1.74
sample_625,CCN2c1ccccc1N(C)C(=S)c3cccnc23 ,-4.706
sample_685,Cc2cnc1cncnc1n2,-0.8540000000000001
sample_756,CC(=O)C3(C)CCC4C2C=C(C)C1=CC(=O)CCC1(C)C2CCC34C,-5.27
sample_569,CCCCCC=C,-3.73
sample_925,CCN2c1nc(N(C)(CCO))ccc1NC(=O)c3cccnc23 ,-3.36
sample_734,CCCCCCCCC,-5.88
sample_17,N#Cc1ccccc1,-1.0
sample_127,CC1(C)C(C=C(Cl)Cl)C1C(=O)OC(C#N)c2ccc(F)c(Oc3ccccc3)c2,-7.337000000000001
sample_322,O=C(Nc1ccccc1)Nc2ccccc2,-3.15
sample_255,CC(C)C(O)C(C)C,-1.22
sample_820,CCCCCBr,-3.08
sample_1109,Oc1ccc(Cl)cc1Cc2cc(Cl)ccc2O,-3.953
sample_190,CCCCCCCCC(=O)OCC,-3.8
sample_115,Cn1cnc2n(C)c(=O)[nH]c(=O)c12 ,-2.523
sample_1103,CC(C)CC(C)O,-0.8
sample_772,O=C1NC(=O)NC(=O)C1(CC=C)CC=C,-2.077
sample_606,Cc1cccc2ccccc12,-3.7
sample_180,CCC(C)CC,-3.68
sample_301,CC(Cl)Cl,-1.29
sample_942,C=CCCC=C,-2.68
sample_888,NS(=O)(=O)c2cc1c(N=CNS1(=O)=O)cc2Cl ,-3.05
sample_902,COC(C)(C)CCCC(C)CC=CC(C)=CC(=O)OC(C)C,-5.19
sample_853,Oc1c(Cl)cc(Cl)c(Cl)c1Cl,-3.1
sample_965,c1(C(=O)OCCCCCC(C)(C))c(C(=O)OCCCCCC(C)(C))cccc1,-6.6370000000000005
sample_828,O=C2NC(=O)C1(CCCCC1)C(=O)N2,-3.06
sample_517,CCOC(=O)NCCOc2ccc(Oc1ccccc1)cc2,-4.7
sample_372,Ic1ccccc1,-3.01
sample_45,CCCCCC(C)O,-1.55
sample_476,CN(C)C(=O)Oc1nc(nc(C)c1C)N(C)C,-1.95
sample_157,NC(=O)CCl ,-0.02
sample_926,CCCC(C)(C)O,-0.49
sample_171,CCCC(C)(COC(N)=O)COC(N)=O ,-1.807
sample_16,CCC(C)CO,-0.47
sample_511,CSCS(=O)CC(CO)NC(=O)C=Cc1c(C)[nH]c(=O)[nH]c1=O,-1.981
sample_48,COC(=O)C1=C(C)NC(=C(C1c2ccccc2N(=O)=O)C(=O)OC)C ,-4.76
sample_191,COCC(=O)N(C(C)C(=O)OC)c1c(C)cccc1C ,-1.601
sample_546,Cc2c(N)c(=O)n(c1ccccc1)n2C,-0.624
sample_515,C1N(C(=O)NCC(C)C)C(=O)NC1,-2.15
sample_848,C=CCS(=O)SCC=C,-0.83
sample_924,CCCCCCCCCCCCO,-4.8
sample_480,CCc1cccc(C)c1N(C(C)COC)C(=O)CCl ,-2.73
sample_283,CCc1ccccc1C,-3.21
sample_894,CC(C)Nc1nc(Cl)nc(NC(C)C)n1,-4.43
sample_816,CC34CCC1C(CCc2cc(O)ccc12)C3CCC4(O)C#C ,-4.3
sample_225,Cc3ccnc4N(C1CC1)c2ncccc2C(=O)Nc34 ,-3.19
sample_26,Cn1c(=O)n(C)c2nc[nH]c2c1=O,-1.39
sample_969,CCCCCCCCCCCCCCCO,-6.35
sample_1080,FC(F)(Cl)C(F)(F)Cl,-2.74
sample_437,ClCCCl,-1.06
sample_1097,CCCCCCCCCCCCCCCCCCCC,-8.172
sample_364,CC12CC(O)C3C(CCC4=CC(=O)CCC34C)C2CCC1(O)C(=O)CO,-3.09
sample_229,COP(=S)(OC)Oc1ccc(SC)c(C)c1,-4.57
sample_37,CN(C)C(=O)SCCCCOc1ccccc1,-3.927
sample_669,Nc1cc[nH]c(=O)n1 ,-1.155
sample_749,CC1(C)C2CCC1(C)C(O)C2,-2.32
sample_1110,CCOC(=O)Nc2cccc(OC(=O)Nc1ccccc1)c2 ,-4.632
sample_374,COc1ccccc1OCC(O)COC(N)=O,-0.985
sample_469,Cc1cccc(C)c1O,-1.29
sample_1111,O=C1c2ccccc2C(=O)c3ccccc13,-5.19
sample_687,CN(C)C(=O)C,1.11
sample_32,COC(=O)Nc1cccc(OC(=O)Nc2cccc(C)c2)c1,-4.805
sample_875,OCC1OC(O)(CO)C(O)C1O,0.64
sample_905,CC(C#C)N(C)C(=O)Nc1ccc(Cl)cc1,-3.9
sample_194,Oc1ccc2ccccc2c1,-2.28
sample_1042,Clc1cc(Cl)c(cc1Cl)c2cc(Cl)c(Cl)cc2Cl ,-8.56
sample_1049,Clc1ccccc1Br,-3.19
sample_503,Oc1ccc(cc1)c2ccccc2,-3.48
sample_847,c1(O)cc(O)ccc1CCCCCC,-2.59
sample_1112,CCCCCCC(C)O,-2.09
sample_1026,OC1C(O)C(O)C(O)C(O)C1O,0.35
sample_800,CC(C)N(=O)=O,-0.62
sample_579,c1ccc(cc1)c2ccc(cc2)c3ccccc3,-7.11
sample_160,CSc1nnc(c(=O)n1N)C(C)(C)C,-2.253
sample_680,COc1ccccc1O ,-1.96
sample_1063,CCC(C)(C)CC,-4.23
sample_162,CCCCCC=O,-1.3
sample_821,CCCC/C=C/C,-3.82
sample_705,CCCC(C)(C)CO,-1.52
sample_873,CC(C)CC(C)(C)O,-0.92
sample_152,CCCCCCO,-1.24
sample_849,CCOP(=S)(OCC)Oc2ccc1oc(=O)c(Cl)c(C)c1c2,-5.382000000000001
sample_869,COP(=O)(OC)OC(Br)C(Cl)(Cl)Br,-2.28
sample_938,Nc1nc(O)nc2nc[nH]c12 ,-3.401
sample_111,Oc1ccc(Cl)cc1C(=O)Nc2ccc(cc2Cl)N(=O)=O,-4.7
sample_226,CCOP(=S)(OCC)Oc1nc(Cl)n(n1)C(C)C,-3.658
sample_1107,Cc1cc(no1)C(=O)NNCc2ccccc2,-2.461
sample_103,ClCCl,-0.63
sample_421,CCN(CC)c1nc(Cl)nc(n1)N(CC)CC,-4.4110000000000005
sample_419,Cc1c(cccc1N(=O)=O)N(=O)=O,-3.0
sample_932,c2cnc1ncncc1n2,0.02
sample_586,Clc2c(Cl)c(Cl)c(c1ccccc1)c(Cl)c2Cl ,-7.92
sample_966,CC12CC(O)C3C(CCC4=CC(=O)CCC34C)C2CCC1C(=O)CO,-3.24
sample_672,ClC(Cl)C(c1ccc(Cl)cc1)c2ccccc2Cl ,-6.51
sample_119,Clc1ccccc1c2ccccc2,-4.54
sample_53,CCC(C)n1c(=O)[nH]c(C)c(Br)c1=O ,-2.523
sample_151,Oc1cccc(O)c1,0.81
sample_403,ClCBr,-0.89
sample_1118,CC(C)COC(=O)C,-1.21
sample_207,Oc2ccc1ncccc1c2 ,-2.16
sample_1067,CC4CC3C2CCC1=CC(=O)C=CC1(C)C2(F)C(O)CC3(C)C4(O)C(=O)COC(C)=O ,-4.9
sample_658,COC(=O)c1cc(O)c(O)c(O)c1 ,-1.24
sample_1035,CC(C)C(=O)C(C)C,-1.3
sample_946,Cc1cccc(C)c1NC(=O)c2cc(c(Cl)cc2O)S(N)(=O)=O,-3.79
sample_8,ClC4=C(Cl)C5(Cl)C3C1CC(C2OC12)C3C4(Cl)C5(Cl)Cl,-6.29
sample_998,CCC(C)(C)O,0.15
sample_36,N(c1ccccc1)c2ccccc2,-3.504
sample_452,Clc1cccc2ccccc12,-3.93
sample_651,CCOC(C)OCC,-0.43
sample_253,CCOC(=O)N,0.85
sample_303,CCCN(CCC)c1c(cc(cc1N(=O)=O)C(C)C)N(=O)=O,-6.49
sample_928,CCCCOc1ccc(C(=O)OCC)c(c1)N(CC)CC ,-3.84
sample_571,O=C1NC(=O)NC(=O)C1(CC)C(C)CCC,-2.39
sample_623,Nc3cc2c1ccccc1ccc2c4ccccc34 ,-6.2
sample_900,CCC(C)C1(CC(Br)=C)C(=O)NC(=O)NC1=O ,-2.647
sample_895,CCCC(C)CO,-1.11
sample_885,OC3N=C(c1ccccc1Cl)c2cc(Cl)ccc2NC3=O,-3.604
sample_262,Fc1cccc(F)c1C(=O)NC(=O)Nc2cc(Cl)c(F)c(Cl)c2F ,-7.28
sample_610,CC2=CC(=O)c1ccccc1C2=O ,-3.03
sample_297,Clc1cc(c(Cl)c(Cl)c1Cl)c2cc(Cl)c(Cl)c(Cl)c2Cl,-9.16
sample_414,ClC1=C(Cl)C2(Cl)C3C4CC(C=C4)C3C1(Cl)C2(Cl)Cl,-6.307
sample_150,Nc1ncnc2n(ccc12)C3OC(CO)C(O)C3O ,-1.95
sample_1102,CC1CCCC1,-3.3
sample_778,COc2c1occc1c(OC)c3c(=O)cc(C)oc23 ,-3.0210000000000004
sample_640,CC1OC(CC(O)C1O)OC2C(O)CC(OC2C)OC8C(O)CC(OC7CCC3(C)C(CCC4C3CCC5(C)C(CCC45O)C6=CC(=O)OC6)C7)OC8C ,-5.292999999999999
sample_1119,CC(C)C(C)(C)C,-4.36
sample_1062,CCCCCCCCCCO,-3.63
sample_550,CCC(C)CCO,-0.71
sample_978,CCCCCCC(=O)C,-2.05
sample_488,O=c2c(C3CCCc4ccccc43)c(O)c1ccccc1o2 ,-2.84
sample_819,c1ccc2cc3cc4ccccc4cc3cc2c1,-8.6
sample_710,CC(=O)CCC1C(=O)N(N(C1=O)c2ccccc2)c3ccccc3,-3.27
sample_1014,O=C1NCCN1c2ncc(s2)N(=O)=O,-3.22
sample_147,CCC1(CCC(C)C)C(=O)NC(=O)NC1=O,-2.468
sample_146,CO,1.57
sample_1084,CC(=O)OC3(CCC4C2CCC1=CC(=O)CCC1C2CCC34C)C#C,-4.8
sample_345,O=N(=O)c1ccc(cc1)N(=O)=O,-3.39
sample_920,CC34CCC1C(CCC2CC(=O)CCC12C)C3CCC4O ,-4.743
sample_1058,Clc1cccc(n1)C(Cl)(Cl)Cl,-3.76
sample_659,OC(Cn1cncn1)(Cn2cncn2)c3ccc(F)cc3F ,-1.8
sample_770,CCC=O,0.58
sample_348,CN(C)C(=O)Nc1ccccc1,-1.6
sample_463,ClCCC#N ,-0.29
sample_325,CC(C)c1ccc(NC(=O)N(C)C)cc1,-3.536
sample_186,c1ccnnc1,1.1
sample_123,Oc1cccc(c1)N(=O)=O,-1.01
sample_1041,O(c1ccccc1)c2ccccc2,-3.96
sample_608,CC(O)C(C)(C)C,-0.62
sample_143,Nc1cccc2ccccc12,-1.92
sample_751,CCCCCCC,-4.53
sample_1104,O2c1ccc(N)cc1N(C)C(=O)c3cc(C)ccc23 ,-3.928
sample_197,CCCCCCCC#C,-4.24
sample_609,CCCC(=O)OCC,-1.36
sample_883,CC(=O)OCC(=O)C1(O)CCC2C3CCC4=CC(=O)CCC4(C)C3C(O)CC21C,-4.88
sample_836,Clc1ccc(I)cc1,-4.03
