smiles,target,target_type
*CCCCOC(=O)NC1CCC(CC2CCC(NC(=O)O*)CC2)CC1,6.1232,egc
*CCCCCc1nnc(*)o1,6.1707,egc
*C(OC(F)(F)F)C(*)(F)F,8.5308,egc
*C(F)(F)CC(F)(F)C(=O)*,4.9534,egc
*CCCCCCCCc1nc(-c2ccc(-c3csc(*)n3)cc2)cs1,3.6182,egc
*CNC(=O)CC(=O)N*,6.3692,egc
*Oc1ccc(C(C)(C)c2ccc(OC(=O)SCCCSC(*)=O)cc2)cc1,4.8294,egc
*c1ccc(Oc2ccc(S(=O)(=O)c3ccc(Oc4ccc(-c5c6c(c(*)c7ccccc57)C(=O)N(c5ccccc5)C6=O)cc4)cc3)cc2)cc1,3.4421,egc
*Nc1ccc(Cc2ccc(NC(=O)c3cc(C(*)=O)cc(N4C(=O)C=CC4=O)c3)cc2)cc1,2.1937,egc
*OC(=O)C(CC(C)C)NC(=O)CCCCC(=O)NC(CC(C)C)C(=O)OC1COC2C(*)COC12,5.6427,egc
*Oc1ccc(CC(NC(=O)Cc2ccc(OC(=O)CC(C)CCC(*)=O)cc2)C(=O)OCCCCCC)cc1,4.8662,egc
*CNC(=O)NCOC(=O)NCCCCCCNC(=O)O*,6.3471,egc
*C(C=C1)=CC=C1C(S2)=CC=C2C(S3)=CC=C3C(S4)=CC=C4*,2.0066,egc
*NC(C)C(*)=O,6.0729,egc
*OC(CC(*)=O)C1CO1,6.757,egc
*Oc1ccc(C(C)=NCCN=C(C)c2ccc(*)cc2)cc1,4.4026,egc
*C(=O)C(O)c1ccc(*)s1,4.0132,egc
*CC(*)c1cccc(C)c1,5.185,egc
*CC(*)C(=O)OCCCSCC,4.5768,egc
*CCCCCCCCNC(=O)CC(=O)N*,6.004,egc
*CCOCCOCCOC(=O)c1cccc(C(=O)O*)c1,4.9478,egc
*C(=O)c1ccc2c(c1)C(=O)N(c1cc(C(=O)OC)cc(N3C(=O)c4ccc(*)cc4C3=O)c1)C2=O,3.4437,egc
*CCCCCCCOc1ccc(C=CC=Cc2ccc(O*)c(C)c2)cc1C,3.4306,egc
*CCCCCCCCNC(=O)Cc1ccc(CC(=O)N*)cc1,5.1086,egc
*CC(*)SCC,4.9086,egc
*C=C(*)c1ccc(C#C)cc1,0.2378,egc
*C1(C)CC(*)(C)C(=O)N(C)C1=O,5.3373,egc
*NC(=S)C(C=C1)=CC=C1O*,3.2939,egc
*C(=O)c1ccc2c(c1)C(=O)N(c1ccc(-c3nc(-c4ccccc4)nc(-c4ccc(N5C(=O)c6ccc(*)cc6C5=O)cc4)n3)cc1)C2=O,2.8991,egc
*CC(=O)C(C=C1)=CC=C1C(C=C2)=CC=C2*,3.9429,egc
*C=Cc1cccc(C=Cc2cc(*)ncn2)c1,3.4013,egc
*c1cc(OCCCCCCC)c(*)s1,1.6057,egc
*c1cc(-n2c(=O)c3cc4c(=O)n(-c5ccc(-c6nnc(*)n6N)cc5)c(=O)c4cc3c2=O)c(-c2c(Cl)cccc2Cl)s1,2.1911,egc
*CC(CO*)(CS(=O)(=O)CCCC)CS(=O)(=O)CCCC,5.4465,egc
*CCOC(=O)CCCCCC(=O)O*,6.8822,egc
*NC(=O)NC(S1)=CC=C1*,3.228,egc
*c1nc(C)nc(N(CCCCCCN(*)c2ccccc2)c2ccccc2)n1,3.751,egc
*CCCCCCCCO*,6.1709,egc
*CCOC(=O)C1C2C=CC(C2)C1C(=O)O*,5.7779,egc
*c1ccc2c(c1)SC1(CCC3(CC1)Nc1ccc(*)cc1S3)N2,3.8947,egc
*NC(CC(*)=O)C(=O)OCCCCCCCC,5.5889,egc
*Oc1ccc(Oc2ccc(C=NCCCCN=Cc3ccc(*)cc3)cc2)cc1,4.1246,egc
*CNC(S1)=CC=C1C(=S)*,2.4271,egc
*O[Si](c1ccccc1)(c1ccccc1)c1cccc(*)c1,4.6928,egc
*C(S1)=CC=C1C(S2)=CC=C2C(S3)=CC=C3O*,2.5408,egc
*CCCCCCCCCCCCCCCCCCCCOC(=O)CC(=O)O*,6.2688,egc
*CCCOC(=O)CCCCCCCCCCC(=O)O*,6.5126,egc
*Oc1cccc(NC(=O)c2ccc(*)cc2)c1,4.3679,egc
*CC1CCC(COC(=O)CCCCCCCCCCC(=O)O*)CC1,6.723,egc
*OC(C)CCOC(=O)CCCCCCCCCCC(*)=O,6.742,egc
*CCCCCCCCOC(=O)CC=CCC(=O)O*,6.197,egc
*C=Cc1ccc2c(c1)Sc1cc(*)ccc1N2CCCCCCCC,2.6367,egc
*CCCCCCCCCCOC(=O)CCCC(=O)O*,6.7292,egc
*CCCCCCCCCCCCCCCCCCNC(=O)NCCCCCCCCCCNC(=O)N*,5.6443,egc
*c1cc(CCOC(=O)C(C)Br)c(*)s1,2.3659,egc
*CCCOC(=O)O*,7.1953,egc
*OC(C)(CC(*)=O)C(F)(F)F,6.2535,egc
*NNC(=O)c1cccc(C(=O)NNC(=S)c2cccc(C(*)=S)c2)c1,3.2068,egc
*c1ccc(-c2cc(C(=O)OCCCCCCCCCCCC)c(*)s2)s1,2.5061,egc
*NNC(=S)c1ccc(C(*)=S)cc1,3.4154,egc
*c1ccc(C(=O)c2ccc(-n3c(=O)c4cc5c(=O)n(*)c(=O)c5cc4c3=O)cc2)cc1,2.9955,egc
*Oc1ccc(C=Nc2ccc(N=Cc3ccc(*)cc3)cc2)cc1,2.8416,egc
*CCCCCOCO*,6.5668,egc
*CCNC(=O)CCCCCCCCCCCCCCCCC(=O)N*,5.9348,egc
*OC(C)CCOC(=O)CC(*)=O,6.8752,egc
*CCOCCOCCOC(=O)CCC(=O)O*,6.2323,egc
*c1cc(CCCCCCOC(=O)COc2ccccc2)c(*)s1,2.6531,egc
*CC(*)(C)C(=O)OCCOCCO,5.7449,egc
*Cc1cccc(CNC(=O)C2=C(C(=O)N*)C3C=CC2C3)c1,3.5629,egc
*CCCCCCCCCCOC(=O)C(=O)O*,5.4658,egc
*c1ccc(-c2ccc(N3C(=O)c4ccc(-c5cccc6c5C(=O)N(*)C6=O)cc4C3=O)c(C)c2)cc1C,2.9133,egc
*C(=O)c1ccc2c(c1)C(=O)N(c1cc(-c3nc4ccccc4s3)cc(N3C(=O)c4ccc(*)cc4C3=O)c1)C2=O,2.5125,egc
*CC(*)(CF)C(=O)OC,6.854,egc
*c1cc(CCCCBr)c(*)s1,2.5458,egc
*CCOC(=O)NCCSCCCCSCCNC(=O)O*,5.1396,egc
*c1ccc(*)c(O)c1,5.0734,egc
*C([2H])=C(*)[2H],1.4005,egc
*CCCCCCCCCCOC(=O)CC(C)(C)CC(=O)O*,6.7584,egc
*C(=O)C(S1)=CC=C1C(C=C2)=CC=C2C(S3)=CC=C3*,2.5282,egc
*CCCCOC(=O)c1cccc(C(=O)O*)c1,5.1711,egc
*Oc1ccc(C2(c3ccc(OC(=O)CCCCCCCCC(*)=O)cc3)c3ccccc3Cc3ccccc32)cc1,4.6067,egc
*CC(*)C(=O)OCC(F)(F)C(F)(F)C(F)(F)C(F)(F)F,6.3101,egc
*CC(CC(*)(C#N)C#N)c1ccc(CCl)cc1,5.4178,egc
*CCOC(=O)NCCCOCCCNC(=O)O*,6.238,egc
*c1ccc(Oc2ccc(C(=O)c3ccc(Oc4ccc(-c5cc(*)[nH]n5)cc4)cc3)cc2)cc1,3.5958,egc
*CC(*)C(=O)O,6.7889,egc
*Oc1c(C)cc(*)cc1C,4.5265,egc
*CCC(F)(F)C(*)(F)Cl,7.738,egc
*C1C(=O)OC(=O)C1C1C2CC(C(=O)OC3CCCCC3)C(C2)C1*,6.0803,egc
*c1ccc(C(CCCCCCCC)c2ccc(-n3c(=O)c4cc5c(=O)n(*)c(=O)c5cc4c3=O)cc2)cc1,2.4696,egc
*Oc1cc(OC(=O)c2ccc(C=Nc3ccc(OCCCCCCOc4ccc(N=Cc5ccc(C(*)=O)cc5)cc4F)c(F)c3)cc2)c(Cl)cc1Cl,2.9795,egc
*c1ccc(Oc2cccc3c(Oc4ccc(-n5c(=O)c6cc7c(=O)n(*)c(=O)c7cc6c5=O)cc4)cccc23)cc1,1.8659,egc
*Nc1c(Cl)cc(*)cc1Cl,4.3983,egc
*c1cc(CCCCCCCC)c(*)[nH]1,2.9335,egc
*NC(CC(*)=O)C(=O)OCCCCCC,6.1077,egc
*NC(C)(CCC)CC(*)=O,6.1134,egc
*CC1CCC(COC(=O)CCCCCCCC(=O)O*)CC1,6.8523,egc
*CCSCCO*,5.5968,egc
*CCC1CC(*)C2C3CC(C12)C(C)(C(=O)OC)C3,6.4636,egc
*C1=C2OCCOC2=C(c2sc(-c3sc(*)c4c3OCCO4)c3c2OCCO3)S1(=O)=O,2.0121,egc
*C(=O)c1ccc(N=Nc2ccc(C(=O)N3C(=O)N(*)C(CC)(CC)C3=O)cc2)cc1,3.6611,egc
*C=Cc1cc(OC)c(C=Cc2ccc(*)s2)cc1OC,1.7107,egc
*C(=O)N(*)CCCCCCCCC=C,5.1782,egc
*C(=O)NCCCCCCNC(=O)c1cc(O)cc(*)n1,4.8984,egc
*C*,6.8972,egc
*CNCN*,5.1634,egc
*Oc1ccc(CC(NC(=O)CCc2ccc(OC(=O)CCCCCCC(*)=O)cc2)C(=O)OCC(C)C)cc1,5.1444,egc
*CC(*)C(=O)N(O)c1ccc(C)cc1,4.2873,egc
*c1ccc(-c2ccc(-n3c(=O)c4cc5c(=O)n(*)c(=O)c5cc4c3=O)cc2OC(F)(F)F)c(OC(F)(F)F)c1,2.7837,egc
*CCCCCCCc1nnc(-c2ccc(-c3nnc(*)o3)cc2)o1,3.843,egc
*CCCC(CCNC(=O)c1ccc(C(=O)N*)cc1)C(C)C,4.6978,egc
*c1cc(C)c(-c2c(C)cc(N3C(=O)c4ccc(-c5ccc6c(c5)C(=O)N(*)C6=O)cc4C3=O)cc2C)c(C)c1,3.1002,egc
*C([2H])([2H])C(*)(C(=O)OC([2H])([2H])C([2H])([2H])[2H])C([2H])([2H])[2H],6.3862,egc
*C=CC1CC(*)C(C#N)(CC)C1,6.1381,egc
*CCCCCCCCCCCCOC(=O)NCc1ccc(CNC(=O)O*)cc1,5.664,egc
*CC(S1)=CC=C1OC(S2)=CC=C2*,4.6308,egc
*CC(F)(F)C(F)(F)C(F)(F)C(F)(F)COC(=O)O*,7.7624,egc
*Nc1ccc(*)cc1Cl,4.3667,egc
*C=Cc1cc([Si](C)(C)C)c(*)cc1[Si](C)(C)C,2.2084,egc
*c1ccc(Cc2ccc(N3C(=O)N(*)C3=O)cc2)cc1,4.1662,egc
*CCCCCNC(=O)CCCCCCCCOCCCCCCCCC(=O)NCCCCCO*,5.9278,egc
*C#CC(CO)=C(*)n1c2ccccc2c2ccccc21,1.5113,egc
*C(=O)Oc1ccc2ccc(OC(=O)c3ccc4c(c3)C(=O)N(c3ccc(Oc5ccc(N6C(=O)c7ccc(*)cc7C6=O)cc5)cc3)C4=O)cc2c1,2.5688,egc
*c1ccc(Cc2ccc(N3C(=O)C(=O)N(*)C3=O)cc2)cc1,3.5238,egc
*C(=O)Nc1nc(C#N)c(*)n1C,4.1864,egc
*C=C(*)c1ccc([N+](=O)[O-])cc1,0.7984,egc
*NC(CCC(=O)OCCCCCCCC)C(*)=O,5.9976,egc
*CC(*)C(=O)NCCC(F)(F)C(F)(F)C(F)(F)C(F)(F)C(F)(F)C(F)(F)C(F)(F)C(F)(F)F,5.7478,egc
*Oc6ccc(Oc5ccc(OC(=O)c4ccc(C3(c1ccc(C(*)=O)cc1)OC(=O)c2ccccc23)cc4)cc5)cc6,3.6172,egc
*CC(*)(F)C(=O)OCC(F)(F)C(F)(F)C(F)(F)F,6.7366,egc
*Oc1ccc(Oc2ccc(OC(*)=O)cc2)cc1,4.7541,egc
*/C=C\C(C#N)C*,5.3057,egc
*c1ccc2c(c1)c1cc(*)ccc1n2C(=O)NO,3.8619,egc
*Oc1ccc(C(C)(C)c2ccc(OC(=O)c3ccc(C(*)=O)cc3)c(C(C)C)c2)cc1C(C)C,3.2409,egc
*Oc1ccc(C(*)=O)cc1,4.5225,egc
*CCCCCCNC(=O)C(=O)N*,5.1495,egc
*CNCO*,5.5885,egc
*c1cc(OCCOC)c(*)s1,1.6015,egc
*Oc1c(C)cc(N=Nc2ccc(C(*)=O)cc2)cc1C,3.7116,egc
*Nc1cc(OCC)c(*)cc1OCC,3.3635,egc
*c1cccc(-c2nnc(*)n2-c2ccccc2)c1,3.947,egc
*CC(S1)=CC=C1C(C=C2)=CC=C2C(=S)*,2.7134,egc
*CC(*)OC(=O)C(F)(F)C(F)(F)C(F)(F)F,6.4207,egc
*Oc1ccc(Oc2ccc(C(=O)c3ccc(*)cc3)cc2)cc1C(=O)O,3.6534,egc
*OC(CC)CC(*)=O,6.4081,egc
*C1=CC=C(c2sc(-c3sc(*)c4c3OCCO4)c3c2OCCO3)S1(=O)=O,1.7929,egc
*N=NNc1ccc(NN=Nc2ccc(*)cc2)cc1,1.9731,egc
*CC(=O)NCCCCCCNC(=O)COC(=O)CCC(=O)O*,5.663,egc
*CC(CS(=O)(=O)CC)O*,5.3436,egc
*c1cc(COCCCCCCCCOc2ccc(-c3ccc(OC)cc3)cc2)c(*)s1,2.6611,egc
*C(F)(F)C(F)(F)CO*,8.1009,egc
*Nc1ccc(NC(=O)CCCCC(*)=O)cc1,4.5219,egc
*CCOCC(=O)O*,5.8983,egc
*C=Nc1cccc(N=Cc2ccc(Sc3ccc(*)o3)o2)c1,2.8126,egc
*C(=O)c1ccc2c(c1)C(=O)N(c1ccc(-c3ccc(N4C(=O)c5ccc(*)cc5C4=O)cc3C)c(C)c1)C2=O,2.8033,egc
*c1ccc(-c2cc(CCCCCCCCCF)c(*)s2)s1,1.9235,egc
*C=CC(C(=O)OC(C)C)C(*)C(=O)OC(C)C,5.3094,egc
*c1ccc(-c2ccc(N3C(=O)c4ccc(-c5ccc6c(c5)C(=O)N(*)C6=O)cc4C3=O)c(C)c2)cc1C,2.83,egc
*OC1CCC(OC(=O)CCC(*)=O)CC1,6.4253,egc
*C(=O)c1ccc2c(c1)C(=O)N(c1cc(OCCCCCCCC)cc(N3C(=O)c4ccc(*)cc4C3=O)c1)C2=O,2.6342,egc
*CCC=C(*)Cl,5.461,egc
*CCCCc1nc2cc3nc(*)[nH]c3cc2[nH]1,4.4637,egc
*CCCCCCCCCCCCNC(=O)c1cccc(C(=O)N*)c1,4.8693,egc
*C(F)(F)C(=S)C(F)(F)O*,2.9412,egc
*c1ccc(C(c2ccccc2)(c2ccc(N3C(=O)c4ccc(Oc5ccc6c(c5)C(=O)N(*)C6=O)cc4C3=O)cc2)C(F)(F)F)cc1,3.2662,egc
*CCC(Cl)C(*)C,6.7613,egc
*OC(=O)C=CC(=O)OC1COC2C(*)COC12,4.1943,egc
*CC1CC(CNC(=O)c2cccc(C(=O)N*)c2)CC(C(C)(C)C)C1,4.8842,egc
*CCNC(=O)CCCCCCCCC(=O)N*,5.9828,egc
*CC(*)c1cccs1,1.7879,egc
*c1nc(-c2ccccc2)nc(N(*)C)n1,4.2966,egc
*CCCCOC(=O)Nc1ccc(C)c(NC(=O)O*)c1,4.832,egc
*CCCCCCCCNC(=O)NCCCCCCNC(=O)N*,5.7995,egc
*CCCCCNC(=O)c1cccc(C(=O)N*)c1,4.9725,egc
*c1ccc(-c2ccc(-c3nc4ccc(-c5ccc6nc(*)c(-c7ccccc7)nc6c5)cc4nc3-c3ccccc3)cc2)cc1,2.8449,egc
*CC(*)C(=O)c1ccc(Br)c(OC)c1,3.8338,egc
*CCOC(=O)NCCSCCSCCNC(=O)O*,5.2808,egc
*CC(*)c1ccc2c(c1)OCO2,4.4057,egc
*Oc1ccc(NC(=O)c2ccc(Oc3ccc(C(=O)Nc4ccc(*)cc4)c(C(=O)O)c3)cc2C(=O)O)cc1,3.3446,egc
*CCC(C)(C)CC(C)CNC(=O)CCCCC(=O)N*,5.8095,egc
*C(F)(F)NC(F)(F)C(S1)=CC=C1*,4.586,egc
*CC(*)n1ccnc1,4.8897,egc
*CCCCCCCCNC(=O)CCCCCCCCCCCCC(=O)N*,5.9612,egc
*c1cccc(-c2nc3cc(-c4ccc5nc(*)c(-c6ccccc6)nc5c4)ccc3nc2-c2ccccc2)c1,3.3649,egc
*Oc1ccc(C(=O)c2ccc(OC(=O)OC3C(C)(C)C(OC(*)=O)C3(C)C)cc2)cc1,4.4802,egc
*c1cc(OCCOCCOC)c(-c2sc(*)c3c2OCCO3)s1,2.2046,egc
*C(=O)Nc1ccc(Oc2ccc(NC(=O)c3ccc4c(c3)C(=O)N(c3ccc(S(=O)(=O)c5ccc(N6C(=O)c7ccc(*)cc7C6=O)cc5)cc3)C4=O)cc2)cc1,2.7174,egc
*CC(*)C1CCCCC1C,6.4889,egc
*CCCCCCCCCCCCCCCCCCCCOC(=O)CCCCSCCCCC(=O)O*,5.0235,egc
*c1ccc(Oc2ccccc2Oc2ccc(-n3c(=O)c4cc5c(=O)n(*)c(=O)c5cc4c3=O)cc2)cc1,2.1614,egc
*CCN(*)C(=O)c1ccc(F)c(F)c1,5.106,egc
*CC(=O)Nc1ccc(Oc2cccc(NC(=O)CN3C(=O)c4ccc(C(=O)c5ccc6c(c5)C(=O)N(*)C6=O)cc4C3=O)c2)cc1,2.0094,egc
*c1cccc(*)c1N,3.8845,egc
*CCCCCCn1cc2c(n1)C(=O)c1cn(*)nc1C2=O,4.1587,egc
*Cc1c(C)c(C)c(CNC(=O)CCCCCC(C)CC(=O)N*)c(C)c1C,5.3395,egc
*CCC(=O)OCCOC(=O)CCN1CCN(*)CC1,5.0863,egc
*NC1CCC(CC2CCC(NC(=O)CCCCCCCCCCC(*)=O)CC2)CC1,5.7012,egc
*C(C=C1)=CC=C1C(C=C2)=CC=C2C(C=C3)=CC=C3C(S4)=CC=C4*,2.8936,egc
*CCCCCCNC(=O)C(CCCCCCCCCCCCCCC)C(=O)N*,5.9375,egc
*OC(*)CCCCC,6.039,egc
*Oc1ccc(S(=O)(=O)c2ccc(Oc3ccc(C4(c5ccc(*)cc5)CCCCC4)cc3)cc2)cc1,3.9696,egc
*C=CCCCC(Cl)CCC*,5.737,egc
*CC(O)COc1cccc(O*)c1,5.2018,egc
*CCOCCOCCOC(=O)NCCCCCCNC(=O)O*,6.2098,egc
*CC(*)C(=O)OCC(C)C,6.1261,egc
*NC(Cc1c[nH]c2ccccc12)C(*)=O,4.3631,egc
*c1cc(N=Nc2ccc(C#N)cc2)cc(*)c1O,2.4223,egc
*CC(*)OC(=O)c1cccc(Br)c1,4.2289,egc
*CC(C=C1)=CC=C1C(S2)=CC=C2C(S3)=CC=C3*,3.2138,egc
*Nc1ccc(NC(=O)c2ccc(NC(=O)c3cc(NC(=O)C45CC6CC(CC(C6)C4)C5)cc(C(*)=O)c3)cc2)cc1,3.1839,egc
*CC(*)Cl,7.0905,egc
*Oc1ccc(C(*)=O)cc1Cl,4.5769,egc
*CC(*)(C)C(=O)OCC(F)(F)C(F)F,6.3988,egc
*CCC(C=C1)=CC=C1O*,4.9179,egc
*c1ccc2cc(*)n(C(C(=O)NO)n3ccc4ccccc43)c2c1,3.8694,egc
*CCCCCCOC(=O)CCCCCNC(=O)O*,6.4222,egc
*Oc1cccc(OC(=O)c2cccc(C(*)=O)c2)c1,4.1279,egc
*CC(*)OC(C)=O,6.8523,egc
*c1ccc2c(c1)c1cc(*)ccc1n2CC,3.4703,egc
*CC(=O)CC(C=C1)=CC=C1*,4.4305,egc
*c1ccc2c(c1)c1cc(*)ccc1n2C=C,3.4876,egc
*CCOC(=O)NCCCC(CCNC(=O)O*)OC,5.8395,egc
*CCNC(=O)C(OC)C(OC)C(=O)N*,5.4257,egc
*NC(=S)C(S1)=CC=C1O*,3.2187,egc
*CCCCCCCCCCCCNC(=O)NCCCCCCNC(=O)N*,5.7649,egc
*c1ccc(Oc2ccc(Oc3ccc(-n4c(=O)c5cc6c(=O)n(*)c(=O)c6cc5c4=O)cc3)cc2C(C)(C)C)cc1,1.9644,egc
*OC1(C)CC(C)(C)C(C)(N2CCCC(*)C2)C1C,4.6138,egc
*CC(*)(C)C(=O)OCc1ccc2c(c1)c1ccccc1n2CC,3.4735,egc
*CCCC1CCN(C(=O)SSCCCCSSC(=O)N2CCC(*)CC2)CC1,5.001,egc
*OC(C=C1)=CC=C1C(=O)C(S2)=CC=C2C(=O)NOC(=O)*,3.9191,egc
*CC(*)C(=O)NCC,5.2246,egc
*c1ccc(-c2nc3cc(-c4ccc5oc(*)nc5c4)ccc3o2)cc1,3.1145,egc
*c1ccc(-c2ccc(-c3nc4ccc(Oc5ccc6nc(*)c(-c7ccccc7)c(-c7ccccc7)c6c5)cc4c(-c4ccccc4)c3-c3ccccc3)cc2)cc1,3.3136,egc
*CCCCCCCCCCC(=O)NCCCCCCNC(=O)CCCO*,6.0291,egc
*CCCCCCCCCCC(=O)N(*)C,5.7405,egc
*OP(=O)(Oc1ccccc1)Oc1ccc(-c2ccc(*)cc2)cc1,4.631,egc
*c1ccc2c(c1)C(=O)N(c1ccc(Oc3ccc(N4C(=O)c5ccc(C(F)(F)C(F)(F)C(F)(F)C(F)(F)C(F)(F)C(F)(F)C(F)(F)C(*)(F)F)cc5C4=O)cc3)cc1)C2=O,2.6011,egc
*Oc1c(C)cc(-c2cc(C)c(OC(=O)CCCCCC(*)=O)c(C)c2)cc1C,4.7241,egc
*OC(CC)(CC)C(*)=O,6.0873,egc
*COCOc1ccc(C(=O)OC(=O)c2ccc(O*)cc2)cc1,4.4493,egc
*c1cc(-c2ccccc2)c(*)[nH]1,2.9521,egc
*c1ccc(-c2nc(-c3ccc(-c4nc(*)sc4C(=O)O)cc3)c(C(=O)O)s2)cc1,3.4119,egc
*CC(C#N)(C#N)C(C#N)C(C#N)(C#N)*,7.111,egc
*C(=O)OC1CCC(OC(=O)N2CC(C)N(*)CC2C)CC1,5.8738,egc
*CCC(C#N)CC(C)=C(*)C,5.2759,egc
*C(=O)c1ccc2c(c1)C(=O)N(c1ccc(C(c3ccccc3)(c3ccc(N4C(=O)c5ccc(*)cc5C4=O)cc3)C(F)(F)F)cc1)C2=O,2.9448,egc
*CC(*)C(=O)NCCC,6.0177,egc
*c1ccc(C(c2ccc(-c3nc4ccc(-c5ccc6nc(*)oc6c5)cc4o3)cc2)(C(F)(F)F)C(F)(F)F)cc1,3.2022,egc
*c1ccc2nc(*)sc2c1,2.966,egc
*CC(C)(CO*)COCCCCCCCCCCOc1ccc(-c2ccc(C#N)cc2)cc1,4.0117,egc
*OC(=O)CCSCCC(*)=O,4.6003,egc
*OC(=O)CCS(=O)(=O)CCS(=O)(=O)CCC(*)=O,6.2137,egc
*CC(=O)C(=S)C(=O)*,1.9995,egc
*CC(=O)OCCCCCCOC(=O)Cn1c(=O)c2cc3c(=O)n(*)c(=O)c3cc2c1=O,3.6832,egc
*c1cc(CC(=O)OCCCCCCCC)c(*)[nH]1,3.192,egc
*O[Si](C)(C)O[Si](C)(C)O[Si](C)(C)OC(C)CCC(*)C,6.3039,egc
*OC(=O)OCCOCCOCCOCCOC(=O)OC1COC2C(*)COC12,6.2534,egc
*c1ccc(-n2ccc(-c3cccc(-c4ccn(*)n4)c3)n2)cc1,3.7316,egc
*OC(C)COC(=O)c1cccc(C(*)=O)c1,5.0391,egc
*CCCCCCCCCC(=O)O*,6.6843,egc
*CCN(CCOC(=O)C=Cc1ccc(C=CC(=O)O*)cc1)c1ccc(N=Nc2ccc([N+](=O)[O-])cc2)cc1,2.3089,egc
*CC(*)CC(C)C,6.7394,egc
*OC1CC(C)CC(*)O1,6.2631,egc
*C(=O)Nc1ccc(NC(=O)c2ccc3c(c2)C(=O)N(c2ccc(S(=O)(=O)c4ccc(N5C(=O)c6ccc(*)cc6C5=O)cc4)cc2)C3=O)cc1,2.7403,egc
*OC(=O)Oc1ccc(C(=O)Oc2ccc(OC(=O)OC3COC4C(*)COC34)cc2)cc1,4.4189,egc
*Oc1ccc2cc(C(*)=O)ccc2c1Br,3.7175,egc
*c1sc(*)c2c1OCC(CCCCS(=O)(=O)O)O2,2.1668,egc
*CC(*)(C#N)C(=O)OC,6.7385,egc
*NC(C=C1)=CC=C1C(C=C2)=CC=C2C(S3)=CC=C3*,2.8401,egc
*CCCCOC(=O)SSSC(=O)O*,3.9747,egc
*CCOCCOCCOC(=O)CSC(=O)Nc1ccc(C)c(NC(=O)SCC(=O)O*)c1,4.461,egc
*Nc1cc(NC(=O)Nc2ccc(NC(*)=O)cc2)cc(C(=O)Nc2cccc3c2C(=O)c2ccccc2C3=O)c1,2.5826,egc
C13C(C=*)OC(C=*)C1C(=O)N(C2=CC=CC(C(F)(F)F)=C2)C3=O,5.0879,egc
*C(C=C1)=CC=C1C(S2)=CC=C2C(=S)C(S3)=CC=C3*,2.0866,egc
*C=CC1CC(*)C(C#N)(CCC)C1,6.0806,egc
*CC1CC(*)OC(CCC)O1,6.3958,egc
*C(=O)c1ccc2c(c1)C(=O)N(c1ccc(OCCOCCOc3ccc(N4C(=O)c5ccc(*)cc5C4=O)cc3)cc1)C2=O,2.4449,egc
*NC(=O)OC(=S)*,3.8869,egc
*CC(S1)=CC=C1CC(S2)=CC=C2*,4.626,egc
*CCCCCCOCO*,6.7419,egc
*CC(=O)NCCCCCCNC(=O)COC(=O)CCCCCCC(=O)O*,5.9354,egc
*CC(CCl)(CBr)COC(=O)CCCCC(=O)O*,6.6998,egc
*CCOC(=O)NC1CCC(NC(=O)O*)CC1,6.3209,egc
*CCC(=O)OCCCC=CCCCOC(=O)CCC1NC(=O)C(*)NC1=O,5.8952,egc
*OC(=O)c1ccc(CCCc2ccc(C(*)=O)cc2)cc1,4.5456,egc
*CC(F)(F)C(F)(F)C(F)(F)COC(=O)NCCCCCCNC(=O)O*,6.3766,egc
*Oc1ccc(OC(=O)c2ccc(C(*)=O)cc2)cc1C(F)(F)F,3.9148,egc
*NC(CCCNC(=O)c1ccc(Cl)cc1)C(*)=O,3.4369,egc
*N=Nc1ccc(-c2ccc(*)c(C)c2)cc1C,2.1369,egc
*Cc1ccc(COC(=O)CCCC(=O)O*)cc1,5.4521,egc
*c1ccc(-n2c(=O)c3cc4c(=O)n(*)c(=O)c4cc3c2=O)c(C)c1,2.9393,egc
*c1cc(C)c(*)cn1,5.1074,egc
*CCCCCCCCCCOC(=O)Nc1ccc(C)c(NC(=O)O*)c1,5.0994,egc
*CC(CSC(C)C)O*,4.8245,egc
*c1ccc(-c2ccc(N3C(=O)c4ccc(Oc5ccc6c(c5)C(=O)N(*)C6=O)cc4C3=O)cc2)cc1,3.0187,egc
*NC(CC(N)=O)C(*)=O,5.5305,egc
*CCCCCCCCCCCCc1nc2cc3sc(*)nc3cc2s1,4.2887,egc
*c1cccc(-c2nc3cc(-c4ccc5oc(*)nc5c4)ccc3o2)c1,3.5152,egc
*CCCCCCOC(=O)C(=O)O*,5.9794,egc
*Oc1c(Cl)cc(*)cc1Cl,4.3426,egc
*C(=O)C(S1)=CC=C1C(=O)C(S2)=CC=C2*,2.966,egc
*CCCCCC(=O)NCCCCCCNC(=O)CCCCO*,5.8874,egc
*C=CC1CC(*)C2C3CCC(C3)C12,5.1047,egc
*CCCCCNC(=O)N*,5.6754,egc
*CCCCCCCCCNC(=O)CCCCCCCCCC(=O)N*,5.9794,egc
*Oc1ccc(C2(c3ccc(Oc4nc(*)nc(OC)n4)cc3)CCCCC2)cc1,4.6483,egc
*CC(C)(C)COC(=O)C(=O)O*,4.957,egc
*c1ccc(Oc2cccc(Oc3ccc(-n4c(=O)c5cc6c(=O)n(*)c(=O)c6cc5c4=O)cc3)c2C#N)cc1,2.6202,egc
*CCCCCOC(=O)NC(=O)C1CC1C(=O)NC(=O)O*,6.0047,egc
*Oc7ccc(C6(c3ccc(OC(=O)c2ccc(c1ccc(C(*)=O)cc1)cc2)cc3)c4ccccc4c5ccccc56)cc7,3.4473,egc
*c1ccc(Oc2ccc(-c3nc4cc(-c5ccc6nc(*)c(-c7ccccc7)nc6c5)ccc4nc3-c3ccccc3)cc2)cc1,2.9993,egc
*NC(CCC(=O)OCCCl)C(*)=O,5.9169,egc
*Nc1ccc(Nc2ccc(*)cc2)cc1C(=O)O,2.6737,egc
*COC(=O)OCC1OC(C)(C)OC1*,6.6512,egc
*CCCCCOC(=O)NCCSCCCCSCCNC(=O)O*,5.2673,egc
*Oc1ccc(OC(=O)c2ccc(C(*)=O)cc2)cc1C1CC2CCC1C2,3.8597,egc
*CC(*)OC(=O)C(F)(F)F,6.7842,egc
*Nc1ccc(*)cc1CCCCCCCCCCCCCCC,3.3286,egc
*CNC(C=C1)=CC=C1O*,4.3424,egc
*c1cc(COCCCCCCCCOc2ccc(-c3ccc(C#N)cc3)cc2)c(*)s1,2.9654,egc
*C(=O)NNC(=O)c1cccc(C(=O)NNC(=O)c2ccc(*)nc2)c1,3.8367,egc
*CC(C)(C)C1C(=O)N(c2ccccc2C)C(=O)C1*,4.8214,egc
*CCCOC(=O)N1CCC(*)CC1,5.7499,egc
*c1cccc(-c2nc3ccc(-c4ccc5nc(*)oc5c4)cc3o2)c1,3.2965,egc
*CC#CCOC(=O)NCCCCCCNC(=O)O*,6.3946,egc
*CC(*)OC(=O)CC,6.5454,egc
*c1ccc(*)c2nc(CC)c(CC)nc12,3.3743,egc
*NNC(=O)c1ccc([Si](c2ccccc2)(c2ccccc2)c2ccc(C(*)=O)cc2)cc1,4.754,egc
*CC(F)(F)C(F)(F)C(F)(F)C(F)(F)COC(=O)CCCC(=O)O*,7.0209,egc
*C#CC=C*,1.1342,egc
*CC(*)C(=O)OCF,6.4866,egc
*CCN[Si](C)(C)N*,4.8016,egc
*Oc1ccc(C(=O)c2cccc(C(=O)c3ccc(*)cc3)c2)cc1,3.9576,egc
*CCCCCCNC(=O)CCCCCCCCCCC(=O)N*,5.7224,egc
*Nc1ccc(*)c2ccccc12,2.8917,egc
*CCCCNC(=O)CCCCCCCCCCCCCCC(=O)N*,6.0415,egc
*c1ccc(-c2ccc(N3C(=O)c4ccc(Oc5ccc6c(c5)C(=O)N(*)C6=O)cc4C3=O)cc2C)c(C)c1,3.2926,egc
*OC1CCC(OC(=O)CCCCCCCCC(*)=O)CC1,6.4612,egc
c1(*)cc(c2cc1)N=C(N2(C(c2(c3))=O))c1c2c(c4(c3))c(cc1)CN(C4=N2)c(c2cc(c1)(*))c1,2.3866,egc
*Nc1ccc(*)cc1F,3.5047,egc
*Oc1ccc2cc(Oc3ccc(C(=O)c4ccc(*)cc4)cc3)ccc2c1,3.634,egc
*C=Cc1ccc(*)s1,2.7814,egc
*c1ccc(-c2ccc3nc4oc5cc6[nH]c7nc8cc(*)ccc8nc7nc-6[nH]c=5n-4ccc3c2)cc1,1.9579,egc
*Nc1ccc(-c2ccc(*)cc2)c(C)c1,3.3791,egc
*c1cc(CCCS(=O)(=O)O)c(*)s1,3.3298,egc
*Nc1ccc(NC(=O)c2c(F)c(F)c(C(*)=O)c(F)c2F)cc1,3.3309,egc
*COC(C=C1)=CC=C1O*,4.8731,egc
*c1cccc(-c2nc3cc(-c4ccc5nc(*)c(-c6ccc7ccccc7c6)nc5c4)ccc3nc2-c2ccc3ccccc3c2)c1,3.0367,egc
*CCCCCC[N+](C)(C)CCC[N+](*)(C)C,0.2161,egc
*c1ccc(Oc2ccc(-n3c(=O)c4cc5c(=O)n(*)c(=O)c5cc4c3=O)cc2-c2ccccc2)cc1,2.1739,egc
*CCCC(C)CCC(=O)O*,6.54,egc
*Cc1ccc(COC(=O)CCCCCCCCC(=O)O*)cc1,5.2222,egc
*CCCCCCCOC(=O)NCCCCCCNC(=O)O*,6.2664,egc
*c1ccc(-c2nc3cc4nc(*)oc4cc3o2)c(O)c1,2.5896,egc
*C(=O)C(C=C1)=CC=C1C(=O)C(=S)*,2.994,egc
*Oc1cc(Br)cc(Br)c1*,4.3897,egc
*CC(*)n1c(C)c(C)c2ccccc21,2.733,egc
*CC(CBr)(CBr)CO*,5.993,egc
*CCCNC(=O)CCCCCCCC(=O)NCCCNC(=O)C(=O)N*,4.7768,egc
*c1cc(CCCC(F)(F)C(F)(F)C(F)(F)C(F)(F)F)c(*)s1,2.4769,egc
*CCCCCCCCCNC(=O)CCCCCCCCC(=O)N*,5.6744,egc
*CCCCCCCCCOc1ccc(C=CC=Cc2ccc(O*)c(C)c2)cc1C,3.4115,egc
*OC(CCl)COC(=O)C1=C(C(=O)OCC(CCl)OC(=O)c2ccc(C(*)=O)cc2)C2C=CC1C2,3.8265,egc
*CCCCCCCCC(=O)N*,6.101,egc
*c1ccc(Oc2ccc(-n3c(=O)c4c(Oc5ccc(OC)cc5)c5c(=O)n(*)c(=O)c5c(Oc5ccc(OC)cc5)c4c3=O)cc2)cc1,1.9559,egc
*c1ccc(-c2ccc(-c3ccc(-c4nc5cc6sc(*)nc6cc5s4)cc3)c(-c3ccccc3)c2-c2ccccc2)cc1,3.1992,egc
*CCCCCCCCCCC(Cl)C(*)Cl,7.2165,egc
*CC1CC1COC(=O)NC1CC1NC(=O)O*,6.5515,egc
*c1ccc(-c2ccc(-c3cc(-c4ccccc4)c4cc5c(-c6ccccc6)cc(*)nc5cc4n3)cc2)cc1,2.8216,egc
*C(C=C1)=CC=C1OC(S2)=CC=C2O*,4.6798,egc
*N=P(*)(Cl)Cl,3.9556,egc
*CCCCCCCCOC(=O)c1cccc(C(=O)O*)c1,5.1133,egc
*OP(=O)(Oc1cccc2c(*)cccc12)OC1CCCCC1,4.0777,egc
*c1cc(OCCOCCOC)c(*)s1,1.6389,egc
*c1ccc(-c2cc(CCCCCCBr)c(*)s2)s1,1.9133,egc
*CC1CCC(COC(=O)C(=O)O*)CC1,5.4765,egc
*CC(*)OC(=O)CCCCC,6.3448,egc
*Oc1ccc(C(=O)OCCCCOC(=O)c2ccc(*)cc2)cc1,4.5398,egc
*OC(=O)CCCCCCCCC(*)=O,5.9944,egc
*CC(*)C(=O)OCC,6.2551,egc
*CCCOC(=O)COCC(=O)O*,6.0368,egc
*Cc1cccc(*)c1O,4.4656,egc
*CCOCCOC(=O)NCCCCCCNC(=O)O*,6.0376,egc
*CCOCCOCCOCCOCCOc1ccc(C=C(C)c2ccc(O*)cc2)cc1,3.9391,egc
*C(=O)NCCCCCCCCNC(=O)c1cncc(*)c1,4.7551,egc
*CCCCCNC(=O)CCCCCC(=O)N*,5.9272,egc
*CC(*)C(=O)NC(C)CC,5.3154,egc
*CCOC(=O)Nc1c(C)c(C)c(NC(=O)O*)c(C)c1C,5.3419,egc
*CC(CC)(CC)COC(=O)CCC(=O)O*,6.5001,egc
*CCCCCC(*)CCCCCCCCCCCCCC,6.895,egc
*OC(=O)c1ccc(CCc2ccc(C(*)=O)cc2)cc1,4.4852,egc
*c1ccc2oc(*)nc2c1,3.9774,egc
*CC(=O)C(S1)=CC=C1C(S2)=CC=C2*,2.8653,egc
*CC(C)(C)C1CC=C(*)CC1,5.4516,egc
*Oc1ccc(NC(=O)NC2CC(C)(C)CC(C)(CNC(=O)Nc3ccc(*)cc3)C2)cc1,4.2227,egc
*CC(*)c1ccc2ccccc2c1,3.6351,egc
*CC(CCl)(CCl)C(=O)O*,6.551,egc
*C(=O)Nc1ccc(NC(=O)c2ccc3[nH]c(-c4cc(-c5nc6cc(*)ccc6[nH]5)cc(N5C(=O)c6ccccc6C5=O)c4)nc3c2)cc1,2.3407,egc
*Sc1ccc(Nc2ccc(Nc3ccc(Nc4ccc(*)cc4)cc3)cc2)cc1,3.2757,egc
*C(=O)C(C=C1)=CC=C1C(C=C2)=CC=C2C(C=C3)=CC=C3*,3.3319,egc
*CC(=O)NCCCCCCNC(=O)COc1ccc(O*)cc1,4.6023,egc
*CC(*)N,5.222,egc
*c1sc(*)c(OCCCC)c1OC,3.2859,egc
*CC(*)c1cc(C)ccc1C,4.9137,egc
*C=CC(C)C(*)C(=O)OCC(C)C,5.4659,egc
*c1ccc(-c2ccc(-c3ccc(-n4c(=O)c5cc6c(=O)n(*)c(=O)c6cc5c4=O)cc3)cc2)cc1,2.1515,egc
*CCCCCC(=O)NCCOC(=O)CCCCC(=O)O*,6.3289,egc
*C(=O)C(C)NC(=O)CNC(=O)C1CCCN1*,5.7716,egc
*CCCCOC(=O)C1CCC(C(=O)O*)CC1,6.3839,egc
*Oc1ccc(-c2ccc(N=Nc3ccc(C(*)=O)cc3)cc2)cc1,3.5627,egc
*C=C(*)c1cccc([Si](C)(C)C)c1,0.7366,egc
*Nc1ccc(NC(=O)c2cc(NC(=O)c3ccc(NC(=O)C(C)N4C(=O)c5ccccc5C4=O)cc3)cc(C(*)=O)c2)cc1C,2.319,egc
*Nc1cc(NC(=O)c2ccccc2C(*)=O)cc(-c2nnc(-c3ccccn3)o2)c1,3.5021,egc
*C(=O)C(C=C1)=CC=C1C(C=C2)=CC=C2C(S3)=CC=C3*,2.8474,egc
*CC1(CO*)CC2C=CC1C2,5.6096,egc
*C(=O)OCCCCOC(=O)N1CCN(*)CC1,5.8653,egc
*CCCCCCCCCCOC(=O)CCCCCC(=O)O*,6.771,egc
*c1ccc(S(=O)(=O)c2ccc(N3C(=O)c4ccc(Oc5ccc(Oc6ccc7c(c6)C(=O)N(*)C7=O)cc5)cc4C3=O)cc2)cc1,3.2399,egc
*Oc1c(Cl)cc(NC(=O)NCCCCCCNC(*)=O)cc1Cl,4.9474,egc
*OC1CCC(OC(=O)OCCCCCCOC(*)=O)CC1,7.1086,egc
*CC(=O)OC(=O)c1ccc(O*)cc1Br,4.4665,egc
*C(F)(F)C(F)(F)C(=O)C(C=C1)=CC=C1*,4.443,egc
*C(F)(F)C(F)(F)C(=O)C(S1)=CC=C1*,3.8794,egc
*C(=O)OCCCCCCCCCCCCOC(=O)c1ccc(N2C(=O)c3ccc(*)cc3C2=O)cc1,3.2472,egc
*c1ccc(*)n1C(C)C(=O)OC,2.9894,egc
*OC(=O)CCSCCSCCC(*)=O,4.6742,egc
*OC(C)COC(=O)C1CCC(C(*)=O)CC1,6.3027,egc
*CCCCCCCCCCCOC(=O)c1ccc2cc(C(=O)O*)ccc2c1,3.7387,egc
*NC(=O)C(C=C1)=CC=C1C(=S)*,2.8785,egc
*CCCCCCCCCCCCCCCCCCCCOC(=O)C(=O)O*,5.2426,egc
*Oc1ccc(C2(c3ccc(OC(=O)c4ccc(C(*)=O)cc4)cc3)CC3CC2C2CCCC32)cc1,3.4323,egc
*NC(C)C(C)(C)C(*)=O,5.5547,egc
*NC(=O)C(=S)C(=O)*,1.0075,egc
*CCOC(=O)CCC(C)CC(=O)O*,6.6742,egc
*CC(CCl)(CCl)COC(=O)c1cccc(C(=O)O*)c1,4.938,egc
*CCCCCCCC(=O)OCC1COC(*)O1,6.6417,egc
*c1ccc(Oc2ccc3ccc(Oc4ccc(-n5c(=O)c6cc7c(=O)n(*)c(=O)c7cc6c5=O)cc4)cc3c2)cc1,2.1074,egc
*C=CC1CC(*)C(C#N)(C[Si](C)(C)C)C1,5.6706,egc
*c1ccc(Cc2ccc(N3C(=O)c4ccc([Si](C)(C)c5ccc6c(c5)C(=O)N(*)C6=O)cc4C3=O)cc2)cc1,2.9801,egc
*C=Cc1csc(-c2cc(*)cs2)c1,3.0335,egc
*Oc1ccc(Nc2ccc(C(=O)c3ccc(C(=O)c4ccc(Nc5ccc(*)cc5)cc4)cc3)cc2)cc1,2.99,egc
*Nc1ccc(-c2ccc(NC(=O)c3cc(C(*)=O)cc(S(=O)(=O)c4ccccc4)c3)cc2)cc1,3.1781,egc
*OC1CCC(C2CCC(OC(=O)CCCCCCCCC(*)=O)CC2)CC1,6.3469,egc
*CCOC(=O)Nc1ccc(-c2ccc(NC(=O)O*)c(C)c2)cc1C,4.3385,egc
*CCCCCCNC(=O)C(CCCCCCCCCCCCCCCC)C(=O)N*,6.0328,egc
*NNC(=O)c1ccc(C(=O)NNC(=O)CCCCC(*)=O)cc1,4.3653,egc
*C=CC(C*)(C(F)(F)F)C(F)(F)F,6.1653,egc
*C(F)(F)C(F)(F)C(S1)=CC=C1O*,4.1725,egc
*NC(C=C1)=CC=C1C(C=C2)=CC=C2C(C=C3)=CC=C3*,3.4269,egc
*CCCCCn1c(=O)c2ccc3c4ccc5c(=O)n(*)c(=O)c6ccc(c7ccc(c1=O)c2c37)c4c56,1.9902,egc
*NNC(=O)CCC(=O)NNC(=O)CCCCC(*)=O,5.7153,egc
*Oc1ccc(OC(=O)c2cc(OCCCCCCCCCCCC)c(C(*)=O)cc2OCCCCCCCCCCCC)cc1,3.2519,egc
*CCCCCCCCCCCCNC(=O)C(=O)N*,5.7269,egc
*Nc1c(C)c(C)c(C(=O)c2ccc(NC(=O)c3ccc(C(*)=O)cc3)cc2)c(C)c1C,3.4801,egc
*Oc1c(C)cc(C(C)(C)c2cc(C)c(OC(*)=O)c(C)c2)cc1C,5.1025,egc
*OC(CC(*)=O)C(C)C,6.7353,egc
*OC(=O)CSCCSCC(*)=O,4.3837,egc
*C(=O)c1ccc2c(c1)C(=O)N(c1ccc(Oc3cccc(N4C(=O)c5ccc(*)cc5C4=O)c3)cc1)C2=O,2.4357,egc
*CCCCCCCCCC#CC#CCCCCCCCCCOC(=O)CCCCCCCCC(=O)O*,5.4028,egc
*NC(S1)=CC=C1C(S2)=CC=C2C(=S)*,2.0192,egc
*c1ccc(-c2ccc(-c3cc(SCCCC)c(*)s3)cc2)cc1,2.8499,egc
*C1C=CC(*)CC1,5.6051,egc
*c1ccc(Oc2cc(C(C)(C)C)ccc2Oc2ccc(-n3c(=O)c4cc5c(=O)n(*)c(=O)c5cc4c3=O)cc2)cc1,2.2831,egc
*CCCCCCCCOC(=O)NCCCCCCCCCCNC(=O)O*,6.1384,egc
*c1cc(-n2c(=O)c3cc4c(=O)n(*)c(=O)c4cc3c2=O)c(O)cc1O,2.8367,egc
*NC(=O)OC(S1)=CC=C1*,3.8172,egc
*c1ccc(C(=O)c2ccc(-n3nc(-c4ccc(Oc5ccc(-c6nn(*)c(=O)c7ccccc67)cc5)cc4)c4ccccc4c3=O)cc2)cc1,3.4719,egc
*Nc1cccc(C#Cc2cccc(C(*)=O)c2)c1,3.7438,egc
*Cc1ccc(COC(=O)CC(=O)O*)cc1,5.5783,egc
*C=Cc1ccc(*)c(C(=O)OC)c1C(=O)OC,4.11,egc
*CC(*)Cn1cc2ccccc2n1,3.9074,egc
*CC(=S)C(C=C1)=CC=C1C(=S)*,1.5353,egc
*CC(*)C(=O)Oc1ccc(C#N)cc1,4.6366,egc
*CCCCCCCCCCNC(=O)CCP(C)(=O)CCC(=O)N*,5.8056,egc
*c1ccc(Oc2ccc(C(=O)c3ccc(Oc4ccc(-n5c(=O)c6cc7c(=O)n(*)c(=O)c7cc6c5=O)cc4)cc3)cc2)cc1,2.395,egc
*CNC(=O)CCCCCCCCC(=O)N*,6.1742,egc
*NC(CC(*)=O)C(=O)OCC(C)C,6.1208,egc
*Nc1nc(*)nc(-c2ccccc2)n1,4.2193,egc
*CC(*)c1nc(C)nc(C)n1,5.2445,egc
*CC(=O)C(S1)=CC=C1C(C=C2)=CC=C2*,3.4067,egc
*CC1CCC(CNC(=O)CCCCCCCC(=O)N*)CC1,5.7062,egc
*C(=NCCCCCC)N(*)CCCCCC,4.3588,egc
*c1sc(*)c2ccccc12,1.8359,egc
*c1ccc(Oc2ccc3c(c2)C(=O)N(*)C3=O)cc1,3.4303,egc
*C=CC(C*)C(C)CC,4.9643,egc
*CC1CCC(COC(C)OC(=O)c2cccc(C(=O)OC(C)O*)c2)CC1,4.9396,egc
*NC(C)C(=O)NC(CCC(=O)OCC)C(=O)NCC(*)=O,5.3361,egc
*C=CCC(C)(CC*)C(=O)OC,5.4945,egc
*CC1CCC(COC(=O)O*)CC1,6.8655,egc
*CCOCC(=O)NCCNC(=O)CO*,5.9751,egc
*c1ccc(Oc2ccc(-c3nc4cc5sc(*)nc5cc4s3)cc2)cc1,3.2878,egc
*CCCCCCCCCCCCCNC(=O)CCCCCCCCCCCC(=O)N*,5.8961,egc
*NNC(=O)c1cccc(C(*)=O)c1,5.0927,egc
*Oc1ccc(NC(=O)c2cc(NC(=O)c3ccncc3)cc(C(=O)Nc3ccc(*)cc3)c2)cc1,3.2858,egc
*CCCC(Cl)C(*)Cl,6.8622,egc
*OC(*)C(Cl)Cl,6.5565,egc
*CC(*)C(=O)OC(OCC)C(F)(F)F,6.3353,egc
*CCOCCOC(=O)C(=O)O*,5.9165,egc
*CCOC(=O)c1ccc(C2(C)CC(C)(C)c3ccc(C(=O)O*)cc32)cc1,4.3486,egc
*C(=O)c1cccc(C(=O)N(C)c2cccc(N(*)C)c2)c1,4.4341,egc
*Oc1ccc(C(=O)OCCCOC(=O)c2ccc(OC(=O)c3ccc(C(*)=O)cc3)cc2)cc1,4.0079,egc
*c1cc(CCCCCCCCCCCC)c(-c2sc(*)c3c2OCCO3)s1,2.3785,egc
*Oc1ccc(Oc2ccc(C(=O)c3ccc(*)cc3)cc2)cc1CC#N,4.0183,egc
*C(C=C1)=CC=C1C(=S)OC(=S)*,2.8098,egc
*CCCCCCNC(=O)N*,5.7413,egc
*CC1CCC(CNC(=O)c2cccc(C(=O)N*)c2)CC1,4.9032,egc
*OC(*)C=C,6.1637,egc
*CCCCCCNC(=O)CCCC(=O)O*,5.9363,egc
*CCOC(=O)C1CCC(C(=O)O*)CC1,6.5843,egc
*CCOCCOC(=O)c1ccc(NC=Nc2ccc(C(=O)O*)cc2)cc1,4.1569,egc
*CC(COc1ccc(Cl)cc1)O*,4.8901,egc
*OC(c1ccco1)C(C)(C)C(*)=O,5.4574,egc
*Oc1ccc(NC(=C(C#N)C#N)c2ccc3cc(C(Nc4ccc(*)cc4)=C(C#N)C#N)ccc3c2)cc1,2.9429,egc
*Oc1ccc(-c2ccc(OC(=O)CCCCCCCCCCCC(*)=O)cc2)cc1,4.4464,egc
*CC(*)c1ccc(S(=O)(=O)O)cc1,3.2569,egc
*CCCCNC(=O)c1cccc(C(=O)N*)c1,5.1173,egc
*OC(*)CCC#N,6.5576,egc
*c1ccc(Oc2ccc(Oc3ccc(N4C(=O)CC(=O)N(*)C4=S)cc3)cc2)cc1,3.1515,egc
*Oc1cc(OC(=O)c2ccc(OCCCC)cc2)c(OC(=O)CCCC(*)=O)cc1OC(=O)c1ccc(OCCCC)cc1,4.3317,egc
*CC(*)CC,6.517,egc
*OC(C)COC(=O)CCCCCCCC(*)=O,6.6084,egc
*CC(*)C(=O)OCC(F)(F)C(F)(F)C(F)(F)F,6.784,egc
*CC(*)c1ccc(C)cc1C,4.8585,egc
*Oc1ccc(C(=O)NNC(=O)c2cccc(C(=O)NNC(=O)c3ccc(OC(=O)c4cccc(C(*)=O)c4)cc3)c2)cc1,3.7359,egc
*NC(=O)C=CC(=O)Nc1nc(*)nc(N)n1,3.896,egc
*C(S1)=CC=C1OC(=S)O*,3.5737,egc
*OC(=O)Cc1ccc(CC(*)=O)cc1,5.2715,egc
*CC(*)(C#N)C(=O)OCC(C)C,6.6162,egc
*Oc1ccc(SSc2ccc(*)cc2)cc1,3.8889,egc
*NC(C(*)=O)C(C)CC,5.462,egc
*OC(C)CCOC(=O)CCCCSCCCCC(*)=O,5.3678,egc
*CC(*)(C)C(=O)OCCCCn1c2ccccc2c2ccccc21,3.7637,egc
*c1ccc(-c2cc(OCCCCCCCCCC)c(*)cc2OCCCCCCCCCC)cc1,3.5012,egc
*OC1CC(c2ccccc2)CC(*)O1,5.8678,egc
*CCCCCCCCC(=O)NCCCCCOCCCCCNC(=O)CCCCO*,5.8271,egc
*c1ccc(*)n1Cc1ccc[n+](C)c1,0.2844,egc
*C(C=C1)=CC=C1C(S2)=CC=C2C(C=C3)=CC=C3C(=S)*,2.3434,egc
*CC(C)C1C(=O)N(CCC)C(=O)C1*,5.8295,egc
*Nc1ccc(NC(=O)CCCCCC(*)=O)cc1,4.5224,egc
*C(=O)Nc1cccc(NC(=O)c2ccc3[nH]c(-c4cccc(-c5nc6cc(*)ccc6[nH]5)c4)nc3c2)c1,3.3364,egc
*NC(=O)C(S1)=CC=C1O*,4.3505,egc
*CCCCCCCCNC(=O)CCC=CCCC(=O)N*,5.2366,egc
*Cc1ccc(CSSSS*)cc1,4.3206,egc
*CC(CCCC)(CCCC)C(=O)O*,6.671,egc
*c1ccc(*)n1C(=O)OCC,2.3493,egc
*c1ccc(*)c(C(=O)c2c(F)c(F)c(F)c(F)c2F)c1,4.0903,egc
*CCCCOC(=O)CC(=O)O*,6.6946,egc
*c1ccc(*)c(C(=O)c2ccccc2)c1,3.9696,egc
*CCCCOc1ccc(C=C2CCC(=Cc3ccc(O*)cc3)C2=O)cc1,2.9446,egc
*OC(=O)OC1COC2C(*)COC12,6.8979,egc
*c1cccc(C(F)(F)C(F)(F)C(F)(F)c2cccc(N3C(=O)c4ccc(Oc5ccc6c(c5)C(=O)N(*)C6=O)cc4C3=O)c2)c1,3.4025,egc
*CC(c1ccccc1)C1C(=O)N(c2ccc(C(=O)Oc3ccc(C=O)cc3)cc2)C(=O)C1*,4.2954,egc
*CC(OC)C(C(=O)O)C(*)C(=O)O,6.3287,egc
*c1sc(*)c2c1OCC(CCCCCCCCCCCC)O2,1.9291,egc
*c1ccc(Oc2ccc(-c3cnc4cc(Oc5ccc6nc(*)cnc6c5)ccc4n3)cc2)cc1,3.1068,egc
*c1cc2sc(*)c(C)c2s1,3.8179,egc
*CCCCCOC(=O)c1cccc(C(=O)O*)c1,5.0521,egc
*NC1CCC(CC2CCC(NC(=O)CCCCC(*)=O)CC2)CC1,5.6991,egc
*C=CC1CC(*)C2C(=O)N(c3ccc(C)cc3)C(=O)C12,5.2272,egc
*c1ccc(N2C(=O)c3ccc(C(=O)c4ccc5c(c4)C(=O)N(c4ccc6[nH]c(*)nc6c4)C5=O)cc3C2=O)cc1,2.4444,egc
*CC(*)OCCCCC,5.9056,egc
*NC(C=C1)=CC=C1C(S2)=CC=C2C(C=C3)=CC=C3*,2.7767,egc
*C(F)(F)NC(F)(F)C(=O)*,4.8818,egc
*Nc1cc(C(c2ccc(O)c(NC(=O)c3ccc4cc(C(*)=O)ccc4c3)c2)(C(F)(F)F)C(F)(F)F)ccc1O,3.7695,egc
*C(=O)OC1CCN(*)CC1,5.5791,egc
*CC(F)(F)C(F)(F)C(F)(F)COC(=O)CSCSCC(=O)O*,5.1865,egc
*C(=O)OC(=O)O*,5.0987,egc
*C=C(C)CC(C#N)CC*,5.6857,egc
*CCCCOC(=O)OCC1CCC(COC(=O)O*)CC1,7.0222,egc
*C(=O)OC(S1)=CC=C1C(=S)*,2.7905,egc
*Nc1c([2H])c([2H])c(*)c([2H])c1[2H],3.3666,egc
*CC(CO*)(CS(=O)(=O)C(C)C)CS(=O)(=O)C(C)C,5.5454,egc
*CCCCCOC(=O)O*,7.3186,egc
*C(=O)c1ccc2c(c1)C(=O)N(c1ccc(OCCOCCOCCOc3ccc(N4C(=O)c5ccc(*)cc5C4=O)cc3)cc1)C2=O,2.5902,egc
*CC(*)CCCC1CCCCC1,6.3703,egc
*c1ccc(-c2ccc(*)nc2)cn1,3.5855,egc
*NC(CCC(*)=O)C(=O)OC,5.6456,egc
*c1cc(COCCCCCCCCCCCCOc2ccc(-c3ccc(OC)cc3)cc2)c(*)s1,2.5163,egc
*CC(F)(F)C(F)(F)C(F)(F)C(F)(F)COC(=O)CSCCSCC(=O)O*,5.0898,egc
*CCCCCCCC[N+](C)(C)CCCCCC[N+](*)(C)C,0.1032,egc
*Nc1nc(*)nc(Cl)n1,4.4996,egc
*C(=O)c1ccc2c(c1)C(=O)N(c1cccc(Nc3ncnc(Nc4cccc(N5C(=O)c6ccc(*)cc6C5=O)c4)n3)c1)C2=O,2.4957,egc
*CCCCCCCCCCNC(C)=N*,4.8855,egc
*OC(=O)OCC1OC(C)(C)OC1COC(=O)OC1COC2C(*)COC12,6.6226,egc
*C(=O)c1ccc2c(c1)C(=O)N(c1ccc(C3(c4ccc(N5C(=O)c6ccc(*)cc6C5=O)cc4)c4ccccc4-c4ccccc43)cc1)C2=O,2.3311,egc
*Oc1ccc(C(C)(C)c2ccc(OC(*)=O)c(Cl)c2)cc1C,5.1208,egc
*CCc1cnc(*)cn1,4.5671,egc
*C(=O)c1ccc2c(c1)C(=O)N(c1ccc(-c3ccc(N4C(=O)c5ccc(*)cc5C4=O)c(OC)c3)cc1OC)C2=O,2.4885,egc
*CC1(CO*)CCC(C)CC1,5.8565,egc
*C(C)=C(*)CCC,5.0895,egc
*CC(C)(C)CS(=O)(=O)CC(C)(C)COC(=O)O*,6.8436,egc
*CC(O*)C(F)(F)F,6.7566,egc
*CCOC(=O)CCCCCCC(=O)O*,6.9025,egc
*CC1CCC(COC(=O)CCCCC(=O)O*)CC1,6.7775,egc
*COC(=O)NCCNC*,5.81,egc
*NNC(=O)C=CC(=O)Nc1ccc(NC(=O)C=CC(*)=O)cc1,3.0373,egc
*O[Si](C)(Oc1ccc(*)cc1)c1ccccc1,4.1409,egc
*CC(*)OC(=O)C(C)(C)C,6.1579,egc
*c1ccc(-c2ccc(-c3nc(-c4ccc(-c5csc(*)n5)cc4)cs3)cc2)cc1,2.9481,egc
*CC(O)CN(*)c1ccc(N=Nc2ccc(Cl)cc2)cc1,2.6263,egc
*Oc1c(-c2ccccc2)cc(*)cc1-c1cccc(C)c1,3.8976,egc
*C(=O)N(*)CC,6.052,egc
*OC1C(COC(C)=O)OC(*)C(OC(C)=O)C1OC(C)=O,5.9636,egc
*c1cc(N=Nc2ccc(C(=O)O)cc2)cc(*)c1O,2.9911,egc
*CC(*)(C)C(=O)OCC(F)(F)C(F)(F)C(F)(F)C(F)F,6.3477,egc
*Oc1ccc(Oc2ccc(C(=O)c3ccc(*)cc3)cc2)cc1CBr,3.6235,egc
*CCCCCCCCCCCCCCC(=O)O*,6.9774,egc
*CC(*)c1c(F)c(F)c(P(=O)(O)O)c(F)c1F,4.4874,egc
*C(=O)C(C=C1)=CC=C1C(S2)=CC=C2O*,3.7187,egc
*CCCOC(=O)NCCSCCSCCNC(=O)O*,5.2508,egc
*CCNC(=O)c1ccc(O*)cc1,5.0314,egc
*C(=O)Nc1ccc(NC(=O)c2ccc3c(c2)C(=O)N(c2c(C)cc(C)c(N4C(=O)c5ccc(*)cc5C4=O)c2C)C3=O)cc1,3.3589,egc
*C(=O)c1ccc2c(c1)C(=Nc1ccc(Oc3cccc(N=C4OC(=O)c5ccc(*)cc54)c3)cc1)OC2=O,2.5722,egc
*c1ccc(C(=O)Oc2ccc3ccc(OC(=O)c4ccc(N5C(=O)CC(SCCOCCSC6CC(=O)N(*)C6=O)C5=O)cc4)cc3c2)cc1,3.5935,egc
*CC(C)(CC)COC(=O)CCCCCCCCC(=O)O*,6.7916,egc
*c1ccc(Oc2ccc(-c3cnc4cc(-c5ccc6nc(*)cnc6c5)ccc4n3)cc2)cc1,3.1085,egc
*CC(OC(=O)OCC)C(COC(=O)O*)OC(=O)OCC,7.1757,egc
*C=CCC*,5.2133,egc
*C1CC2C3CC4C(C3*)C24C1,5.9559,egc
*c1ccc(C)c(N2C(=O)c3ccc(S(=O)(=O)c4ccc5c(c4)C(=O)N(*)C5=O)cc3C2=O)c1,3.2404,egc
*Nc1c(Br)cc(*)cc1Br,4.3604,egc
*CC(CCCC)O*,5.4348,egc
*c1c(C)cc(-c2cc(C)c(N3C(=O)c4ccc(-c5ccc6c(c5)C(=O)N(*)C6=O)cc4C3=O)c(C)c2)cc1C,2.8885,egc
*Nc1nc(Nn2c(=O)c3cc4c(=O)n(*)c(=O)c4cc3c2=O)nc(N(CCC)CCC)n1,2.5752,egc
*CCCCCCCCCCOC(=O)CCCCCCCCCCCCCCCCC(=O)O*,6.6124,egc
*c1ccc2c(c1)Cc1cc(N3C(=O)c4ccc(-c5ccc6c(c5)C(=O)N(*)C6=O)cc4C3=O)ccc1-2,2.6588,egc
*C(=O)C(C=C1)=CC=C1C(=S)O*,3.2688,egc
*C(=O)c1ccc2c(c1)C(=O)N(c1cc(-c3nc4ccccc4o3)cc(N3C(=O)c4ccc(*)cc4C3=O)c1)C2=O,2.6591,egc
*c1ccc(-c2ccc(-c3ccc(*)n3C)o2)s1,1.929,egc
*C(=O)Oc1ccc(OC(=O)N2CC(C)N(*)CC2C)cc1,5.5219,egc
*CCCCNC(=O)CCCCCC(=O)N*,5.7771,egc
*Oc1ccc(OC(=O)c2ccc(C(*)=O)cc2)cc1C1CCCCCC1,3.5076,egc
*NC(CC(*)=O)C(=O)OCCCC,6.151,egc
*CC(*)C(=O)Oc1ccc(OC)cc1,4.4447,egc
*CCNC(=O)CCCCCCCCCCC(=O)N*,5.5657,egc
*C(=O)OC(S1)=CC=C1O*,4.2235,egc
*CCCCCCC(=O)N*,6.0436,egc
*C(OC)=C(OC)c1ccc(*)s1,2.5351,egc
*OC(=O)CCCCC(*)=O,6.1659,egc
*NC(CCCCNC(=O)NCCCCCNC(*)=O)C(=O)OC,5.5834,egc
*C(=O)Nc1cc(NC(=O)c2ccc(*)o2)c(N)cc1N,2.8199,egc
*C(C)C(*)O,6.0639,egc
*NC(=O)C(C=C1)=CC=C1C(S2)=CC=C2*,4.012,egc
*CCCCCCCCCCNC(=O)CCCCCCCC(=O)N*,5.9559,egc
*c1cccc(*)c1,4.1803,egc
*CCCN(*)C(=O)c1ccccc1,5.2083,egc
*CC(=O)OC(=O)COc1ccc(C(C)(C)c2ccc(O*)cc2)cc1,4.2779,egc
*CCCCCOC(=O)NC1CC1NC(=O)O*,6.2104,egc
*C(=O)C(C=C1)=CC=C1OC(=S)*,3.5119,egc
*CCCCCCCCCCCCOc1ccc(C=NN=Cc2ccc(O*)cc2O)c(O)c1,3.7924,egc
*C(C#N)=C(c1ccccc1)c1ccc(*)cc1,4.0078,egc
*CC(*)c1cc(OC)ccc1OC,3.8323,egc
*CCCCNC(=O)CCCCCCCC(=O)N*,5.9048,egc
*Nc1ccc(*)cc1C,3.5769,egc
*c1ccc(Oc2ccc(-n3c(=O)c4c(F)c5c(=O)n(*)c(=O)c5c(F)c4c3=O)cc2)cc1,2.0451,egc
*CC(CO*)C(C)(C)C,5.7599,egc
*c1ccc(C)c(N2CC(=O)N(*)CC2=O)c1,5.1153,egc
*C(F)(F)C(*)(F)OC(F)(F)C(F)(F)F,8.7447,egc
*CC(*)(C)C(=O)OCC(=O)N1CCCC1,5.0881,egc
*CCOC(=O)Nc1cccc(NC(=O)O*)c1,5.098,egc
*NC(C)(CC)C(*)=O,5.7479,egc
*CC(COCCCC)O*,5.3487,egc
*CCCCCCCCn1c(=O)c2cc3c(=O)n(*)c(=O)c3c(Br)c2c1=O,3.5401,egc
*CCc1ccc(*)o1,4.9056,egc
*Cc1ccc(CNC(=O)CCCCCCCCCCCCCCCCCCCCC(=O)N*)cc1,5.5873,egc
*Oc1ccc(C(c2ccc(OC(=O)c3ccc(OCCCCCCCCCCOc4ccc(C(*)=O)cc4)cc3)cc2)(C(F)(F)F)C(F)(F)F)cc1,4.4545,egc
*Oc1ccc(NC(=O)c2cc(C(=O)Nc3ccc(*)cc3)cc(S(=O)(=O)c3ccccc3)c2)cc1,3.3682,egc
*OC(COC(*)=O)COc1ccccc1,5.4034,egc
*C=CC1=C(O)C(O)=C(*)C1,1.3796,egc
*CCSSCCOCO*,5.3189,egc
*NC(S1)=CC=C1C(=O)C(S2)=CC=C2*,2.2308,egc
*c1cc(-c2nc3ccccc3o2)cc(-n2c(=O)c3cc4c(=O)n(*)c(=O)c4cc3c2=O)c1,2.4745,egc
*CC(CCl)O*,6.3441,egc
*OC(=O)c1ccc(CCCCc2ccc(C(*)=O)cc2)cc1,4.8401,egc
*CCCCCCCCCCCCOC(=O)NCCCCCCNC(=O)O*,6.1958,egc
*Oc1ccc(Oc2ccc(C(=O)c3cccc(-c4cccc(C(=O)c5ccc(*)cc5)c4)c3)cc2)cc1,3.724,egc
*c1cccc(-c2nc3ccc(-c4ccc5nc(*)sc5c4)cc3s2)c1,3.3066,egc
*C1=CC(C)C(C(=O)C(=O)C2CC3C(*)CC3(O)C2=O)C(=O)N1C,2.7097,egc
*C(=O)OCC(C)(C)COC(=O)N1CC(C)N(*)CC1C,5.8365,egc
*C=Nc1ccccc1N=Cc1ccc(Sc2ccc(*)o2)o1,2.7375,egc
*COC(=O)Nc1ccc(Cc2ccc(NC(=O)OCc3cocc3*)cc2)cc1,4.6344,egc
*CCOC(=O)Nc1cccc2c(NC(=O)O*)cccc12,3.9352,egc
*CC#CC#CCOc1ccc(-c2ccc(O*)cc2)cc1,4.0246,egc
*c1ccc(-c2nc3ccc(S(=O)(=O)c4ccc5nc(*)c(-c6ccccc6)nc5c4)cc3nc2-c2ccccc2)cc1,2.8529,egc
*CCCCNC(=O)CCCCCCC(=O)N*,6.0697,egc
*CC(CBr)O*,6.2128,egc
*CCCCCCCCCCNC(=O)CCCCCCCCCCCCCCCCC(=O)N*,5.9174,egc
*CC(OC(C)=O)C1C(=O)N(c2ccccc2)C(=O)C1(*)Cl,5.0889,egc
*c1ccc(Cc2cccc(-n3c(=O)c4cc5c(=O)n(*)c(=O)c5cc4c3=O)c2)cc1,2.6251,egc
*Nc6ccc(c5ccc(NC(=O)c4ccc(C3(c1ccc(C(*)=O)cc1)OC(=O)c2ccccc23)cc4)cc5)cc6,3.2864,egc
*CC(=O)Nc1ccc(NC(=O)CN2C(=O)c3ccc(C(=O)c4ccc5c(c4)C(=O)N(*)C5=O)cc3C2=O)cc1,2.4122,egc
*C(=O)c1ccc2nc(-c3ccc(-c4nc5ccc(*)cc5nc4-c4ccccc4)cc3)c(-c3ccccc3)nc2c1,3.0508,egc
*CC(*)C(=O)OCCCSCCC#N,5.408,egc
*C(OC(C)=O)=C(OC(C)=O)c1ccc(*)cc1,3.7517,egc
*OC1CCC(OC(=O)OCCCCOC(*)=O)CC1,7.0064,egc
*CCCCOC(=O)C1C(=O)C2CCC1C(=O)C2C(=O)O*,5.3882,egc
*CCCCCCCNC(=O)c1ccc(C(=O)N*)cc1,4.6365,egc
*C(=O)Oc1ccc(OC(=O)c2ccc3c(c2)C(=O)N(c2ccc(Oc4ccc(N5C(=O)c6ccc(*)cc6C5=O)cc4)cc2)C3=O)c(C(C)(C)C)c1,2.5796,egc
*Oc1ccc(NC(=O)c2cc(C(=O)Nc3ccc(Oc4ccc(C5(c6ccc(*)cc6)CC6CCC5C6)cc4)cc3)cc(C(C)(C)C)c2)cc1,3.5452,egc
*CCCCCCCCCCOCCCCCCCCCCOCCCCCCO*,6.1357,egc
*CC(C)(C)COC(=O)Nc1ccc(Cc2ccc(NC(=O)O*)c(C)c2)cc1C,4.5157,egc
*CC(*)(C#N)C(=O)OCC,6.5171,egc
*CCOCCOCCOCCOCCOCCOC(=O)c1cccc(C(=O)O*)c1,4.6176,egc
*CC(*)C(=O)OCC(F)(F)C(F)(F)C(F)(F)C(F)(F)C(F)(F)C(F)(F)C(F)(F)F,6.2833,egc
*c1cn(*)c2ccccc12,4.1935,egc
*CCN(CCOC(=O)c1cccc(C(=O)O*)c1)c1ccccc1,3.0504,egc
*ON(C(F)(F)C(*)(F)F)C(F)(F)C(F)(F)Br,6.7014,egc
*C(=O)c1ccc2c(c1)C(=O)N(c1cccc(Nc3nc(Nc4cccc(N5C(=O)c6ccc(*)cc6C5=O)c4)nc(N(C)C)n3)c1)C2=O,2.5033,egc
*c1ccc2c(c1)nc1c3cc4c(=O)n5c6cc(*)ccc6nc5c4cc3c(=O)n21,2.1718,egc
*Nc1ccc(Cc2ccc(NC(=O)c3ccc(C(*)=O)cc3)cc2)cc1,3.2294,egc
*C=CC1CC(*)C2C(=O)N(CCC)C(=O)C12,5.2391,egc
*NNC(=O)C(*)=O,5.5325,egc
*CCCCCCCCCCCCNC(=O)CCCCCCCCCCCCCCC(=O)N*,5.8878,egc
*C=C(*)c1cccs1,3.6662,egc
*CCC(=O)C(=S)*,3.2378,egc
*CC(*)c1ccc(Cl)c(Cl)c1,2.3069,egc
*CC(*)C(=O)NC,5.4371,egc
*Oc1c(Cl)cc(C2(c3cc(Cl)c(OC(*)=O)c(Cl)c3)CC3CCC2C3)cc1Cl,4.8308,egc
*Nc1cc(Br)c(*)cc1Br,3.1464,egc
*CCCC(=O)N*,5.5236,egc
*C(=O)Oc1ccc(OC(=O)c2ccc3c(c2)C(=O)N(c2ccc(Oc4ccc(N5C(=O)c6ccc(*)cc6C5=O)cc4)cc2)C3=O)c(C)c1,2.6804,egc
*OC(=C)CC(*)=O,5.0472,egc
*C(F)(F)C(S1)=CC=C1C(F)(F)O*,4.9584,egc
*OC(C)COC(=O)Cc1ccc(CC(*)=O)cc1,5.1464,egc
*Oc1ccc(C(CC)(c2ccccc2)c2ccc(OC(=O)CCCCCCCCC(*)=O)cc2)cc1,5.0249,egc
*C(F)(F)C(F)(F)CC(C=C1)=CC=C1*,5.1278,egc
*Oc1cc(OC)c(*)cc1OC,4.0822,egc
*CCCCCCCCCCCCOC(=O)CC=CCC(=O)O*,5.9809,egc
*CCC(*)O,6.3158,egc
*c1cccc(-c2nc3cc(-c4ccc5[nH]c(*)nc5c4)ccc3[nH]2)c1,3.5069,egc
*Nc1ccc(*)cc1OCCCCCCCCCCCC,3.5203,egc
*C(=O)C(C=C1)=CC=C1OC(S2)=CC=C2*,3.6478,egc
*Oc1ccc(*)cc1,4.035,egc
*NNC(=O)c1ccc(C(*)=O)cc1,4.8451,egc
*CC(*)OCCCl,6.0339,egc
*NC(CCCCNC(=O)NCCNC(*)=O)C(=O)OC,5.4494,egc
*CS*,5.3464,egc
*CC(=O)NCCCCCCNC(=O)Cc1ccc(*)s1,4.7548,egc
*CC(CO*)(CS(C)(=O)=O)CS(C)(=O)=O,5.8874,egc
*CCCCCCNC(=O)CC(=O)N*,5.7541,egc
*Oc1ccc(C(C)(c2ccc(Oc3ccc(C(=O)c4ccc(*)cc4)cc3)cc2)C(F)(F)F)cc1,3.9149,egc
*OC(=O)OCCOCCOCCOC(=O)OC1COC2C(*)COC12,6.4799,egc
*c1c2ccccc2c(*)n1C,2.8434,egc
*c1sc(-c2cc(SCC(C)CC)c(*)s2)cc1SCC(C)CC,1.6105,egc
*CCN*,5.0274,egc
*c1ccc(-c2ccc(-c3cc(OCCCCCCCCCCCC)c(*)s3)s2)s1,1.9946,egc
*CC(=S)NC(=S)*,2.5403,egc
*CCCCCCCC(=O)O*,6.6609,egc
*CC(O)COc1ccc(C(C)(C)c2ccc(O*)c(Cl)c2)cc1Cl,4.6702,egc
*CC(*)C(=O)NCCc1ccccn1,4.133,egc
*C(=O)NNC(=O)c1cccc(C(=O)NNC(=O)c2cnc(*)cn2)c1,3.3027,egc
*c1ccc2cc(-c3nc4cc5nc(*)[nH]c5cc4[nH]3)ccc2c1,3.1978,egc
*OC(=O)CCc1ccc(CCC(*)=O)cc1,5.0434,egc
*CC(*)n1c2ccccc2c2ccccc21,4.0449,egc
*C(C)=C(C)c1ccc(-c2ccc(*)s2)s1,2.1828,egc
*N=Cc1ccc(C=Nc2sc(*)c(C#N)c2C#N)cc1,1.5066,egc
*C(=O)Nc1ccc(NC(=O)c2ccc3c(c2)C(=O)N(c2ccc(Oc4cccc5c(N6C(=O)c7ccc(*)cc7C6=O)cccc45)cc2)C3=O)cc1,2.8645,egc
*c1ccc2nc3c4cccc5c6nc7ccc(*)cc7nc6c6cccc(c3nc2c1)c6c45,2.69,egc
*c1cc2c(s1)-c1sc(*)cc1C2=C1c2ccsc2-c2sccc21,1.3371,egc
*CC(COc1cccc(C)c1)O*,5.1113,egc
*CCN1C(=O)C(=CCCCC=C2SC(=S)N(*)C2=O)SC1=S,3.4576,egc
*OC1C(CO)OC(*)C(O)C1O,5.8509,egc
*c1ccc(Oc2cc3ccccc3cc2Oc2ccc(-n3c(=O)c4cc5c(=O)n(*)c(=O)c5cc4c3=O)cc2)cc1,2.0632,egc
*OC(=O)CCCCCCCC(*)=O,6.2617,egc
*c1sc(*)c(OC)c1OC,4.1637,egc
*CC(*)O,6.3648,egc
*CCCCCC(*)CC,6.7743,egc
*CCCCCCCCCCOC(=O)CCC(=O)O*,6.7167,egc
*C1C=C(C)C(*)S1,5.0392,egc
*C(=O)NC(=O)NCCCN*,6.155,egc
*CCCCCCCCCCCCCCCCCC(=O)N*,6.0841,egc
*CCOC(=S)NC(=S)C(C=C1)=CC=C1N*,2.7606,egc
*Nc1ccc(-c2ccc(NC(=O)c3ccc(C(*)=O)cc3)cc2)cc1,3.3951,egc
*Oc1cccc(*)c1C#N,4.3829,egc
*c1cc(CCCCCCO[Si](C)(C)C)c(*)s1,2.5263,egc
*CC(C)(C)O*,5.2445,egc
*c1ccc(*)n1CCC(=O)OC,2.7978,egc
*CCCCCCCCCC[n+]1ccc(-c2cc[n+](*)cc2)cc1,2.5264,egc
*Cc1ccc(COC(=O)O*)cc1,5.5423,egc
*c1cc(OCCCCCCCCCC)cc(-c2nc3cc4sc(*)nc4cc3s2)c1,3.4894,egc
*CC(*)c1ccc(C=O)cc1,1.6275,egc
*C=CC(=O)C=Cc1ccc(Sc2ccc(*)o2)o1,2.5309,egc
*CC=CCNC(=O)CCC=CCCC(=O)N*,5.3865,egc
*CNC(=S)C(C=C1)=CC=C1*,3.4579,egc
*C(=O)Nc1ccc(C2(c3ccc(N4C(=O)c5ccc(*)cc5C4=O)cc3)CCC(C(C)(C)C)CC2)cc1,2.7711,egc
*CNC(=O)N*,5.4697,egc
*OC(C)CCOC(=O)CCC(*)=O,6.5372,egc
*C(C#N)C(C#N)(C#N)*,6.5693,egc
*OC(=O)OCCCCCCCCOC(=O)OC1COC2C(*)COC12,6.6539,egc
*c1ccc(C2C(c3ccccn3)C(*)C2c2ccccn2)cc1,4.1962,egc
*c1ccc(NC(=O)c2ccc(C(=O)Nc3ccc(-c4nc5ccc(-c6ccc7nc(*)[nH]c7c6)cc5[nH]4)cc3)cc2)cc1,2.5692,egc
*c1cc(Br)c(Oc2c(Br)cc(N3C(=O)c4ccc(-c5ccc6c(c5)C(=O)N(*)C6=O)cc4C3=O)cc2Br)c(Br)c1,2.9494,egc
*c1ccc(Oc2ccc(-c3nnc(*)o3)cc2)cc1,3.7488,egc
*CC(*)(C)C(=O)NCCC,5.7916,egc
*c1ccc(-c2ccc(-c3ccc4nc(Oc5cc(-c6ccccc6)c6cc(*)ccc6n5)cc(-c5ccccc5)c4c3)cc2)cc1,3.3775,egc
*NC(=O)NC(C=C1)=CC=C1*,4.3867,egc
*CC(*)=C,5.3034,egc
*CCCOCCOCCOC(=O)Nc1ccc(C)c(NC(=O)O*)c1,5.0994,egc
*C#Cc1cc(CCCCCC)c(*)s1,1.5751,egc
*Oc1cccc(Oc2cccc(*)n2)c1,4.536,egc
*C(=O)Nc1ccc(NC(=O)c2ccc3c(c2)C(=O)N(c2cccc(N4C(=O)c5ccc(*)cc5C4=O)c2)C3=O)cc1,2.9484,egc
*OC1CCCCC1OC(*)=O,6.7044,egc
*CC(=S)NO*,3.435,egc
*C(=O)NC1CCCC(*)O1,6.2047,egc
*OC(=O)CCCCCCCCCCCCCCCCC(*)=O,6.1592,egc
*c1ccc(-c2ccc3nc(Oc4cc(-c5ccccc5)c5cc(*)ccc5n4)cc(-c4ccccc4)c3c2)cc1,3.4645,egc
*CCCCCCNC(=O)CCCCCCCCCCCCCCCCC(=O)N*,5.8888,egc
*CC(*)c1ccc(Cl)c(C)c1,4.762,egc
*Oc1ccc(C(C)c2ccc(OC(*)=O)c(C)c2)cc1C,5.159,egc
*CCCCCCCCCCOC(=O)c1ccc2cc(C(=O)O*)ccc2c1,3.7577,egc
*C(=O)c1ccc(N(*)C)cc1,4.3942,egc
*CC(C)(C)COC(=O)NC1CCC(CC2CCC(NC(=O)O*)CC2)CC1,5.9159,egc
*C(=O)NNC(=O)c1cccc(C(=O)NNC(=O)c2ccc(*)nc2)n1,3.6092,egc
*CCCCCCNC(=O)CCCCC(=O)NCC(=O)N*,5.8188,egc
*C(=O)c1ccc2c(c1)C(=O)n1c-2nc2ccc(-c3ccc4c(c3)nc3n4C(=O)c4ccc(*)cc4-3)cc21,2.4234,egc
*CC(=S)C(C=C1)=CC=C1O*,2.734,egc
*C(=O)NNC(=O)c1ccc(C(=O)NNC(=O)c2ccc(*)nc2)s1,3.3177,egc
*C(C=C1)=CC=C1C(C=C2)=CC=C2C(S3)=CC=C3C(=S)*,2.3302,egc
*CCCC(C)CC(=O)N*,6.0894,egc
*CCCCCOC(=O)NCCSCCCCCCSCCNC(=O)O*,5.1243,egc
*C(=O)NCCCCCCNC(=O)c1ccncc1*,4.5298,egc
*C1CC2CC1C(*)C2CCCC,6.1498,egc
*CCC(C)CO*,6.1714,egc
*CCCCCCCCc1nc2ccc(-c3ccc4nc(*)oc4c3)cc2o1,4.2242,egc
*NC(=O)C(C=C1)=CC=C1C(C=C2)=CC=C2*,3.3965,egc
*CC(*)(Br)Br,5.2567,egc
*CC(C)(C=O)C(F)(F)C(*)([2H])[2H],5.5464,egc
*NC(C)CCCCC(*)=O,5.5854,egc
*NC(C)CC(*)=O,5.711,egc
*Oc1ccc2c(c1)C(=O)N(Oc1ccc(C(N3C(=O)CC(*)C3=O)(C(F)(F)F)C(F)(F)F)cc1)C2=O,3.5205,egc
*Nc1ccc(C#Cc2ccc(C(*)=O)cc2)cc1,2.946,egc
*Oc1ccc(Oc2ccc(C(=O)c3ccccc3-c3ccccc3C(=O)c3ccc(*)cc3)cc2)cc1,3.3644,egc
*C=NN=Cc1cc(CCCCCCCCCCCC)c(*)s1,1.846,egc
*CCCOc1ccc(C(=O)OC(=O)c2ccc(O*)cc2)cc1,4.317,egc
*c1ccc(Cc2ccccc2-n2c(=O)c3cc4c(=O)n(*)c(=O)c4cc3c2=O)cc1,2.9239,egc
*c1cncc(-c2nc3ccc(-c4ccc5nc(*)sc5c4)cc3s2)c1,3.1882,egc
*OC(CCCCC)CC(*)=O,6.5462,egc
*Nc1ccc(NC(=O)CCCCCCCCC(*)=O)cc1,4.5375,egc
*CC(S1)=CC=C1C(C=C2)=CC=C2O*,4.0623,egc
*CC(S1)=CC=C1C(=O)C(S2)=CC=C2*,3.4685,egc
*CCCCCNC(=O)CCCCCCCCC(=O)N*,5.6828,egc
*COC1CC2CC(O*)C1C2,5.9517,egc
*c1ccc2[nH]c(*)nc2c1,3.9385,egc
*Nc1ccc(*)cc1Br,3.3506,egc
*CCOC(=O)c1ccc2ccc(C(=O)O*)cc2c1,3.9507,egc
*Nc1cc(*)ccc1C,4.116,egc
*CCCCCCCCCCCCNC(=O)CCP(C)(=O)CCC(=O)N*,5.7027,egc
*c1ccc(-n2c(=O)c3ccc4c5cc6c(*)ccc6n5c(=O)c-4cc3c2=O)cc1C,0.896,egc
*CCCCCCCCCCOC(=O)CC(C)C(=O)O*,6.5777,egc
*COC1CCC(*)OC1,5.6324,egc
*c1cc(CCCCCCCCCCCCCCC)c(*)s1,2.922,egc
*CCCCCCCCCCCCCCOCO*,6.6169,egc
*Oc1ccc(CC(NC(=O)CCc2ccc(OC(=O)CCCCCCC(*)=O)cc2)C(=O)OCC)cc1,5.0929,egc
*C([2H])([2H])C(*)([2H])Cl,6.2382,egc
*C=CC1CC(*)C(C(=O)Oc2ccccc2)C1,4.8107,egc
*CCc1ccc(*)c(C#N)c1,4.7476,egc
*NC(C=C1)=CC=C1OC(=S)*,3.7435,egc
*CC(O*)c1ccco1,5.0251,egc
*Nc1ccc(*)cc1,4.0074,egc
*c1sc(*)c2sc(CCCCCCCCC)nc12,3.6098,egc
*OC(C)CCC(C)OC(=O)CCCCCCCCC(*)=O,6.1872,egc
*C(=O)NCCCCCCNC(=O)N1CCN(*)CC1,5.4634,egc
*C(=O)Nc1cccc(NC(=O)c2ccc3c(c2)C(=O)N(c2cc(-c4nc5ccccc5o4)cc(N4C(=O)c5ccc(*)cc5C4=O)c2)C3=O)n1,2.7946,egc
*CC(C)(C)COC(=O)CCCCC(=O)O*,6.692,egc
*c1ncc(-c2cnc(*)c(C)c2)cc1C,3.4579,egc
*OC(C)COC(=O)C(*)=O,5.4575,egc
*c1ccc(-c2nc3cc(-c4ccc5nc(*)c(-c6ccc7ccccc7c6)nc5c4)ccc3nc2-c2ccc3ccccc3c2)cc1,2.9636,egc
*Oc1ccc(OC(=O)c2ccc(C(*)=O)cc2)cc1CCC(C)CC,3.5259,egc
*C1=C2OCCOC2=C(c2ccc(-c3ccc(*)s3)s2)S1(=O)=O,1.9368,egc
*OC1C(C)(C)C(OC(*)=O)C1(C)C,6.5093,egc
*CCCCCCCCCCNC(=O)CCC=CCCC(=O)N*,5.6731,egc
*C(=O)Nc1ccc(Oc2ccc(NC(=O)c3ccc(N4C(=O)c5ccc(*)cc5C4=O)cc3)cc2)cc1,2.4295,egc
*CCCCCCCCNC(=O)CCC(=O)N*,5.9696,egc
*Nc1ccc(*)cc1C(C)CC,3.553,egc
*Nc1ccc(-c2ccc(NC(=O)c3cccc(C(*)=O)c3)cc2)cc1,3.4939,egc
*CCON*,5.6784,egc
*c1ccc(-c2ccc(-c3nc(CCCCCCCCCCCC)c(-c4sc(*)nc4CCCCCCCCCCCC)s3)s2)s1,2.2184,egc
*Oc1ccc(NC(=O)OCCOC(=O)Nc2ccc(*)cc2)cc1,4.8662,egc
*CCCCCCOC(=O)CCCCSCCCCC(=O)O*,5.2687,egc
*c1cc2c(s1)-c1sc(*)cc1C2=O,1.4351,egc
*CCCCCCCCCCC(=O)NCCCCCOCCCCCNC(=O)CCCO*,5.4741,egc
*C(=O)C1CCCN1*,5.5773,egc
*C(=O)Oc1ccc(-c2ccc(OC(=O)c3ccc4c(c3)C(=O)N(c3ccc(Oc5ccc(N6C(=O)c7ccc(*)cc7C6=O)cc5)cc3)C4=O)cc2)cc1,2.6231,egc
*Oc1ccc(Oc2ccc(C=NCCCCCCN=Cc3ccc(*)cc3)cc2)cc1,4.2565,egc
*c1ccc(Oc2ccc(N3C(=O)c4cccc(Oc5cccc(Oc6cccc7c6C(=O)N(*)C7=O)c5)c4C3=O)cc2)cc1,2.949,egc
*C(=O)c1ccc2c(c1)C(=O)N(c1cc(-c3nc4ccccc4oc3=O)cc(N3C(=O)c4ccc(*)cc4C3=O)c1)C2=O,2.8859,egc
*CCCCCCNC(=O)NCCNC(=O)N*,6.0459,egc
*Oc1ccc(N=Nc2ccc(C(*)=O)cc2)cc1C,2.9443,egc
*CC(*)C(=O)OCC(F)(F)F,6.7005,egc
*Oc1ccc(CC(NC(=O)CCc2ccc(OC(=O)CCC(*)=O)cc2)C(=O)OCCCCCC)cc1,5.1422,egc
*C=Cc1csc(C=Cc2cccc(*)n2)c1CCCCCCCC,3.2647,egc
*CCOCCOCCOC(=O)CCCCCC(=O)O*,6.1082,egc
*COc1ccc(C(=C(Cl)Cl)c2ccc(O*)cc2)cc1,4.1966,egc
*CC(COc1c(Cl)cc(Cl)cc1Cl)O*,4.5851,egc
*Nc1cc(C)c(*)cc1C,3.9275,egc
*Oc1ccc(Cc2ccc(*)cc2)cc1,4.9481,egc
*c1ccc(-c2ccc(N3C(=O)c4ccc(S(=O)(=O)c5ccc6c(c5)C(=O)N(*)C6=O)cc4C3=O)cc2C(F)(F)F)c(C(F)(F)F)c1,3.252,egc
*CC1(*)CCCCC1,6.3291,egc
*CCCCCCCCCCOC(=O)CCCCCCC(=O)O*,6.7689,egc
*Oc1ccc(C(=O)Nc2ccc(SCCC(*)=O)cc2)cc1,3.9873,egc
*CCCCCCCCCc1nc2ccc(-c3ccc4nc(*)oc4c3)cc2o1,4.1522,egc
*CCCCCC(=O)O*,6.6614,egc
*CCc1c(Cl)c(Cl)c(*)c(Cl)c1Cl,4.5904,egc
*CC(CCl)(CCl)COC(=O)CCCCCCCCC(=O)O*,6.9205,egc
*Oc1ccc(S(=O)(=O)NCCNS(=O)(=O)c2ccc(*)cc2)cc1,4.6084,egc
*CC(*)c1cc[n+](CCCC)cc1,0.5958,egc
*NC(=S)C(C=C1)=CC=C1C(=S)*,1.0444,egc
*CCCCCCCCCCC(=O)NCCCCCOCCCCCNC(=O)CCCCO*,5.6858,egc
*C(=O)OC1CCC(OC(=O)N2CCN(*)CC2)CC1,5.8355,egc
*Nc1ccc(C=Cc2ccc(NC(=C(C#N)C#N)c3ccc(C(*)=C(C#N)C#N)cc3)cc2)cc1,2.0414,egc
*C1C2CC(C)C(C2)C1*,6.0638,egc
*C(=O)NC(=O)CNC(=O)ON*,5.7289,egc
*Oc1ccc(OC(=O)Oc2ccc(OC(*)=O)cc2)cc1Cl,5.1691,egc
*c1[nH]c(*)c2c1CCC2,2.6564,egc
*CCCP(CCCCCCCC)CCCNC(=O)C(=O)N*,4.1641,egc
*CC(C=C1)=CC=C1C(=S)C(S2)=CC=C2*,2.7917,egc
*CCCCCCCCCCCCOC(=O)c1cccc(C(=O)O*)c1,5.1678,egc
*NNC(=O)C1CCC(C(=O)NNC(=O)CCCCC(*)=O)CC1,4.9352,egc
*CCCCCCNC(=O)CCC=CCCC(=O)N*,5.6458,egc
*CC(C1=CC=CC=N1)CC(C2=CC=CC=N2)CC(C3=CC=CC=N3)*,5.3668,egc
*CC(OC=O)C(COC(=O)O*)OC=O,7.0946,egc
*CCCCCCNC(=O)CCCCCC(=O)N*,5.936,egc
*c1ccc(-c2ccc(-c3sc(*)c4c3OCCO4)s2)s1,1.3916,egc
*c1ccc(C(c2ccccc2)(c2ccc(-c3nc4ccc(-c5ccc6nc(*)oc6c5)cc4o3)cc2)C(F)(F)F)cc1,3.4178,egc
*CCN(*)C(=O)c1c(F)cc(F)c(F)c1F,4.9884,egc
*C(F)(F)C(C=C1)=CC=C1C(F)(F)C(S2)=CC=C2*,4.7168,egc
*OS(=O)(=O)c1cc(S(=O)(=O)Oc2ccc(C3(c4ccc(*)cc4)CCCC3)cc2)ccc1C,3.9679,egc
*CC(*)(C)C(=O)OCc1ccc(Cl)cc1Cl,4.8651,egc
*NC1CC1NC(=O)C1CC1C(*)=O,5.9042,egc
*c1ccc(-c2csc(-c3cc(*)cs3)c2)cc1,3.4782,egc
*CCCCCCCCCCCCCCCC[N+](C)(C)CCCCCC[N+](*)(C)C,0.1771,egc
*C(C=C1)=CC=C1OC(C=C2)=CC=C2O*,4.7875,egc
*CC1CCCC(CNC(=O)c2cccc(C(=O)N*)c2)C1,4.8123,egc
*Oc1ccc(NC(=O)NCCCCCCNC(*)=O)cc1C,4.8377,egc
*c1nc2c(n1C)C(=O)N(*)C2=O,4.0674,egc
*CCCCCCCCNC(=O)CCCCCCCCCCCCCCCCCCC(=O)N*,5.8607,egc
*OC(F)(F)OC(F)(F)C(*)(F)F,9.8151,egc
*Cc1c(O)c(CNC(=O)N*)cc(C(CC)=NO)c1O,4.9442,egc
*NC(CC(*)=O)C(C)C,5.9638,egc
*CCSSCCO*,5.6114,egc
*CC(C[N-][N+]#N)O*,5.5722,egc
*c1cc(CCS(=O)(=O)O)c(*)s1,2.5623,egc
*CCCCOC(=O)Cc1ccc(CC(=O)O*)cc1,5.4635,egc
*C=CC(C)C(*)C,5.2899,egc
*CCCCC(=O)O*,6.623,egc
*CC(O)COc1ccc(S(=O)(=O)c2ccc(O*)c(C)c2)cc1C,4.1274,egc
*C(=O)c1ccc2nc(-c3ccccc3)c(-c3ccc(-c4nc5ccc(*)cc5nc4-c4ccccc4)cc3)nc2c1,3.1886,egc
*Cc1ccc(CNC(=O)CCCCCCCCCCC(=O)N*)cc1,5.2323,egc
*C=C(*)c1ccc(C(=O)Oc2c(F)c(F)c(F)c(F)c2F)cc1,1.1102,egc
*Nc1ccc(-c2ccc(NC(=O)CCCCCCCCC(*)=O)c(O)c2)cc1O,3.9935,egc
*CCc1nnc(*)n1N,5.722,egc
*c1cc(CCN(CC)c2ccc(N=Nc3ccc(C=C(C#N)C#N)cc3)cc2)c(*)s1,1.3795,egc
*OP(=O)(Oc1ccc(C(C)(C)c2ccc(*)cc2)cc1)c1ccccc1,4.2511,egc
*CC(*)OC(=O)CC1CCCC1,6.5327,egc
*c1ccc(-c2ccc(-c3ccc(*)s3)s2)[nH]1,2.182,egc
*Nc1ccc(NC(=O)c2ccc(C(*)=O)cc2F)cc1F,3.5151,egc
*C(=O)CCCCC(=O)N1CCN(*)CC1,5.6091,egc
*CCCCCCOC(=O)CCCCCC(=O)O*,6.502,egc
*c1cc(C#N)c(*)s1,1.691,egc
*c1cc(OCC(=O)C23CC4CC(CC(C4)C2)C3)c(*)cc1OC,4.0135,egc
*Oc1ccc(-c2ccc(Oc3ccc(C(C)(C)c4ccc(*)cc4)cc3)cc2)cc1,4.2484,egc
*CC(C)C=C(*)C,5.1994,egc
*C#CC#Cc1ccc(-c2ccc(*)s2)s1,1.5899,egc
*CC(*)C(=O)Oc1ccc(C(C)=NNC(N)=O)c(O)c1,3.6909,egc
*C1=CSC(=C2SC=C(c3ccc(*)cc3)S2)S1,2.2436,egc
*CCCCCCCCCCCCCCCCCCCCC(*)Cl,7.136,egc
*c1cc(N=Nc2ccc(OC)cc2)cc(*)c1O,3.0241,egc
*c1ccc(-c2nc3cc(Oc4ccc5nc(*)c(-c6ccccc6)nc5c4)ccc3nc2-c2ccccc2)cc1,3.1353,egc
*Nc1cc(*)ccc1CCCCCCCCCCCC,4.025,egc
*C=C1CCCCC(=Cc2ccc(Sc3ccc(*)o3)o2)C1=O,2.9583,egc
*c1ccc(OC(=O)c2cccc(C(=O)Oc3ccc(C4(*)OC(=O)c5ccccc54)cc3)c2)cc1,3.9147,egc
*CCCCCCCCc1nnc(-c2cccc(-c3nnc(*)o3)c2)o1,4.3273,egc
*OC(F)(C(*)(F)F)C(F)(F)F,8.6002,egc
*CCC(C)CCC(=O)N*,5.8159,egc
*c1ccc(Cc2ccc(-n3c(=O)c4cc5c(=O)n(*)c(=O)c5cc4c3=O)cc2)cc1,2.6697,egc
*OC(C)CC(*)=O,6.4371,egc
*c1ccc2cc(-c3nc4cc5sc(*)nc5cc4s3)ccc2c1,3.27,egc
*c1cc(C(C(=O)OC)C(=O)OC)c(*)s1,2.7717,egc
*OC1C(C)(C)C(*)C1(C)C,5.3323,egc
*CCCCCOC(=O)Nc1ccc(C)c(NC(=O)O*)c1,5.0895,egc
*C1=CC2=CC(*)=NC2=N1,1.0627,egc
*CCCCCOC(=O)C(=O)O*,5.5658,egc
*c1nc(Cl)nc(N(c2ccccc2)c2nc(Nc3ccccc3)nc(N(*)c3ccccc3)n2)n1,3.6448,egc
*C(=O)Nc1ccc(Cc2ccc(NC(=O)c3ccc4c(c3)C(=O)N(c3ccc(S(=O)(=O)c5ccc(N6C(=O)c7ccc(*)cc7C6=O)cc5)cc3)C4=O)cc2)cc1,2.5578,egc
*Oc1ccc(CC(*)=O)cc1,4.8618,egc
*CC(*)C(=O)Oc1cccc(C)c1,4.8262,egc
*C(=O)C(S1)=CC=C1C(S2)=CC=C2C(S3)=CC=C3*,1.9407,egc
*CCCCCCCCCCCCNC(=O)CCCCC(=O)N*,5.5516,egc
*C(=O)CCCCCCCCC(=O)N1CC(C)N(*)CC1C,5.7455,egc
*NC(S1)=CC=C1C(=S)C(C=C2)=CC=C2*,2.3153,egc
*CCOCCOCCOC(=O)CCSCCC(=O)O*,5.3579,egc
*C(F)(F)C(F)(F)NC(C=C1)=CC=C1*,4.4728,egc
*CCCCCCCCCCNC(=O)CCCCC(=O)N*,5.8086,egc
*OC(CC(*)=O)C(C)(Cl)Cl,6.4677,egc
*CC(=O)C(=S)C(S1)=CC=C1*,2.5515,egc
*CCCCCCOC(=O)NCCCCNC(=O)O*,6.3921,egc
*NC(CSSCc1ccccc1)C(*)=O,4.9511,egc
*c1ccc(-c2ccc(-c3cc(SCCCCCCCCCC)c(*)s3)cc2)cc1,3.0684,egc
*CCCO*,6.2459,egc
*CC1CCC(CNC(=O)c2cc(C(=O)N*)cc(C(C)(C)C)c2)CC1,4.8744,egc
*CCCCCNC(=O)CCCCCCC(=O)N*,5.9286,egc
*CCCCNC(=O)CCCCCCCCCCC(=O)N*,5.9492,egc
*CC(=O)C(*)C,4.7758,egc
*N=C(O)N=C(*)N=C(N)N,3.4308,egc
*CC(=S)CC(=S)*,2.5423,egc
*Nc1ccc(Br)cc1-c1ccc(NC(=O)c2ccc(C(*)=O)cc2)cc1,3.4431,egc
*C(=O)c1ccc(C(=O)N(C)N(*)C)cc1,4.0457,egc
*CCOC(=O)c1ccc(NC(=O)CCCCCCCC(=O)Nc2ccc(C(=O)O*)cc2)cc1,4.188,egc
*CC(CC)(CCl)CO*,6.1616,egc
*CCOCCOC(=O)C1CCC(C(=O)O*)CC1,6.6414,egc
*C(=O)Nc1cccc(NC(=O)c2cccc(NC(=O)c3ccc(-c4nc5cc(*)ccc5[nH]4)cc3)c2)c1,3.3084,egc
*C=CCCCCCCCCCC*,5.8787,egc
*CC(*)OCC(=O)OC,5.3903,egc
*Nc1ccc(-c2ccc(NC(=O)c3cc(C(=O)O)c(C(*)=O)cc3C(=O)O)cc2)cc1,3.2555,egc
*CC(O*)C1CC(F)(F)C1(F)F,6.5249,egc
*c1sc(-c2cc(OCCCCC)c(*)s2)cc1OCCCCC,1.2005,egc
*CCCCCCCCCCNC(=O)NCCCCCCCCNC(=O)N*,5.9409,egc
O(*)c1ccc(cc1)C(=O)Nc1ccc(cc1)S(=O)(=O)c1ccc(cc1)NC(=O)c1ccc(cc1)(*),3.8301,egc
*NC(C)(C)CC(*)=O,5.5484,egc
*c1ccc(*)n1C(C(=O)NO)n1c2ccccc2c2ccccc21,2.9081,egc
*OC(=O)CCCCCC(*)=O,5.9809,egc
*CCCCCCCCCCCCCCCCCCCCCC(=O)N*,5.9891,egc
*c1cc(C(c2ccc(O)c(-n3c(=O)c4cc5c(=O)n(*)c(=O)c5cc4c3=O)c2)(C(F)(F)F)C(F)(F)F)ccc1O,2.3838,egc
*CCCCCCCCCCNC(=O)CCCCCCCCCCCCCCC(=O)N*,5.8964,egc
*CC(COc1ccc(-c2ccc(C#N)cc2)cc1)O*,4.4378,egc
*CCCCCCCCCCNC(=O)NCCCCCCNC(=O)N*,5.6863,egc
*Nc1cc(NC(=O)c2cccc(C(*)=O)c2)c(N)cc1N,3.509,egc
*CC(*)c1ccc(CCCCCCCCCCCCCCCC)cc1,5.0097,egc
*CC(CS(=O)(=O)C(C)C)O*,5.0712,egc
*CC(=S)CO*,3.0342,egc
*NC(=S)C(=C1)SC(=C1)C(=S)*,2.1587,egc
*Oc1ccc2ccc(OC(=O)Oc3ccc(OC(*)=O)cc3)cc2c1,4.3295,egc
*CC(*)C(=O)OCC(F)(F)C(F)(F)OC(F)(F)F,6.5517,egc
*CCN(*)C(=O)c1c(F)cccc1F,4.4989,egc
*CCCCCCCCCCCCCCCCCCOCO*,6.7236,egc
*CC(C)(C)COC(=O)O*,7.3547,egc
*OC(COCCOC)COC(*)=O,6.2142,egc
*OC(=O)CCCCCCCCCCC(*)=O,6.499,egc
*CC(OCC)C(C#N)(C#N)C(*)(C#N)C(=O)OC,5.4657,egc
*Oc1ccc(S(=O)(=O)c2ccc3cc(S(=O)(=O)c4ccc(Oc5c(C)cc(-c6cc(C)c(*)c(C)c6C)c(C)c5C)cc4)ccc3c2)cc1,3.4715,egc
*c1ccc(N2C(=O)c3ccc(Oc4ccc5c(c4)C(=O)N(*)C5=O)cc3C2=O)cc1,3.4906,egc
*CCC(C)C(C)CCNC(=O)c1cccc(C(=O)N*)c1,4.994,egc
*Cc1ccc(CN2CCN(*)C(C)C2)cc1,4.6219,egc
*c1ccc2c(c1)c1cc(*)ccc1n2CC1CO1,3.2508,egc
*c1ccc(Nc2cc(C)c(*)s2)cc1,3.2402,egc
*CCCOC(=O)CCCCSCCCCC(=O)O*,5.3966,egc
*COCC(C)O*,6.2765,egc
*CC(*)OC(=O)c1ccc(OC)cc1,4.435,egc
*OC(=O)C(Cc1ccccc1)NC(=O)CCCCC(=O)NC(Cc1ccccc1)C(=O)OC1COC2C(*)COC12,5.287,egc
*NC(C=C1)=CC=C1NC(S2)=CC=C2*,3.8931,egc
*c1ccc(NC(=O)c2cccc(C(=O)Nc3ccc(-n4c(=O)c5cc6c(=O)n(*)c(=O)c6cc5c4=O)cc3)c2)cc1,2.46,egc
*CCCCCCNC(=O)C(CC)CC(CC)C(=O)N*,5.6687,egc
*Oc1ccc(C2(c3ccc(OC(=O)c4ccc(C(*)=O)cc4)cc3)c3ccccc3-c3ccccc32)cc1,3.1166,egc
*CC(*)(F)C(=O)OCC(F)(F)C(F)(F)F,6.4706,egc
*NC1CC(CCC(*)=O)C1(C)C,5.7546,egc
*CC1(C)CC(N2C(=O)c3ccc(-c4ccc5c(c4)C(=O)N(*)C5=O)cc3C2=O)CC(C)(C)C1,3.6926,egc
*CCOCO*,6.6358,egc
*CCCCCCCCCCCNC(=O)CCCCC(=O)N*,6.1376,egc
*OC(=O)CCCCCCCCCCCCC(*)=O,6.2591,egc
*C(=O)c1ccc2c(c1)C(=O)N(c1ccc(N3C(=O)c4ccc(*)cc4C3=O)nc1)C2=O,3.0206,egc
*NC(C)CNC(=O)C1CC1C(*)=O,5.5051,egc
*c1cc(C(=O)CC)c(*)[nH]1,3.012,egc
*OC(CC(*)=O)C1CCC=CO1,4.8999,egc
*NNC(=O)CCCCCCCCCCCCCCCCC(*)=O,5.9847,egc
*C([2H])([2H])C(*)([2H])C([2H])=C([2H])[2H],5.9833,egc
*C(=O)c1ccc2c(c1)C(=O)N(c1ccc(C(=O)c3cccc(C(=O)c4ccc(N5C(=O)c6ccc(*)cc6C5=O)cc4)c3)cc1)C2=O,2.9294,egc
*CC(*)OCCCCCCCCCCCC,5.4919,egc
*CCCCCCCCC(*)Cl,6.9974,egc
*Oc1ccc(N=CNc2ccc(*)cc2)cc1,3.7365,egc
*OP(=O)(Oc1ccc(-c2ccc(*)cc2)cc1)c1ccccc1,4.2408,egc
*OC(=O)CS(=O)(=O)Cc1ccc(CS(=O)(=O)CC(*)=O)cc1,4.9033,egc
*c1ccc(S(=O)(=O)c2ccc(-n3nc(*)c4ccccc4c3=O)cc2)cc1,3.8603,egc
*C(C=C1)=CC=C1C(S2)=CC=C2OC(S3)=CC=C3*,3.0679,egc
*CC=CCOC(=O)NCCCCCCNC(=O)O*,5.7218,egc
*CCCCCCCCCCCCOC(=O)CCCCCCCCCCCCC(=O)O*,6.4766,egc
*c1ccc(-c2ccc(-c3ccc(*)s3)o2)o1,1.6749,egc
*C=CC(C*)CCC,5.7221,egc
*CNOC(C=C1)=CC=C1*,4.831,egc
*c1cc(CCCCCCCCCC2COC(=O)O2)c(*)s1,2.5293,egc
*C(=O)OC1CC(*)N(C(=O)OCc2ccccc2)C1,5.588,egc
*C(=O)NNC(=O)c1cnc(*)cn1,3.0611,egc
*c1[nH]c(*)c(CC(=O)OC)c1CC(=O)OC,3.2776,egc
*Nc1ccccc1NC(=O)c1cccc(C(*)=O)c1,3.6159,egc
*NC(CC(*)=O)C(=O)OCC,5.9557,egc
*CCC[Si](C)(C)O[Si](C)(C)CCCn1c(=O)c2cc3c(=O)n(*)c(=O)c3cc2c1=O,3.5354,egc
*CC(*)(C#N)C(=O)OCCCCCCC,6.3455,egc
*c1ccc2c(c1)c1cc(*)ccc1n2-c1ccccc1,3.553,egc
*Oc1ccc(-c2ccc(OC(=O)CCCCCCCCC(*)=O)cc2)cc1,4.5699,egc
*CCOC(=O)c1ccc(C(=O)NCCCCCCCCCCCCNC(=O)c2ccc(C(=O)O*)cc2)cc1,4.4904,egc
*CCCOC(=O)CCCC(=O)O*,6.7627,egc
*CCCOC(=O)CCC(C)CC(=O)O*,6.7963,egc
*OC1CCCCCC1*,5.6512,egc
*CC(CC(C)(C)C)O*,5.3855,egc
*CNCCCOCO*,5.4895,egc
*CCCCCNC(=S)N*,4.4944,egc
*Nc6ccc(C5(c3ccc(NC(=O)Cc2ccc(Oc1ccc(C(*)=O)cc1)cc2)cc3)OC(=O)c4ccccc45)cc6,4.1183,egc
*CC1CCC(COC(=O)C2CCC(C(=O)O*)CC2)CC1,6.6637,egc
*CC(=O)C(C=C1)=CC=C1C(=O)*,4.4703,egc
*c1sc(*)c([2H])c1[2H],1.6361,egc
*Cc1ccc(COC(=O)CCC(=O)O*)cc1,5.464,egc
*CCCCCCCCCCCCCCOC(=O)CCCCC(=O)O*,6.651,egc
*NC(C=C1)=CC=C1NO*,3.151,egc
*c1cc(CCOCCOC)c(*)[nH]1,2.8631,egc
*OC1CCC(OC(=O)CCCCC(*)=O)CC1,6.706,egc
*C=Cc1ccc(*)n1CCCCCC,1.5103,egc
*c1[nH]c(*)c2c1CCCCC2,3.1158,egc
*CC(C)(C)COC(=O)NC(=O)c1cccc(C(=O)NC(=O)O*)c1,4.9585,egc
*c1cccc2c(-n3c(=O)c4cc5c(=O)n(*)c(=O)c5cc4c3=O)cccc12,2.5506,egc
*c1ccc(C(c2ccccc2)c2ccc(N3C(=O)c4ccc(S(=O)(=O)c5ccc6c(c5)C(=O)N(*)C6=O)cc4C3=O)cc2)cc1,2.8677,egc
*Nc1cc(*)ccc1N,3.7339,egc
*CCCOC(=O)CCCCCCCC(=O)O*,6.6032,egc
*c1ccc(-c2nc3cc4nc(*)c(-c5ccccc5)nc4cc3nc2-c2ccccc2)cc1,2.6364,egc
*C=Cc1ccc(*)nc1,1.9268,egc
*OC(F)(F)C(*)(F)F,9.8627,egc
*Oc1ccc(OC(=O)c2cc(OCCCCCCOCCCCC)c(C(*)=O)cc2OCCCCCCOCCCCC)cc1,3.6545,egc
*OC1C(COC(C)=O)OC(*)C(OC(C)=O)C1O,5.6034,egc
*CCCCCCCCCCCCCCCCCCCCOC(=O)CCCCC(=O)O*,6.8416,egc
*OCC(F)(F)C(F)(F)C(F)(F)COc1nc(F)nc(*)c1F,5.4692,egc
*Oc1cccc(C(=O)OCC(F)(F)C(F)(F)C(F)(F)COC(=O)c2cccc(*)c2)c1,4.5011,egc
*N=C(N=C(NC(C)=O)NC(C)=O)N=C(*)OC(C)=O,3.7327,egc
*CCCCCCNC(=O)CCCCCCC(=O)N*,5.7328,egc
*C(S1)=CC=C1C(S2)=CC=C2*,1.5925,egc
*CC1CC1CO*,5.9176,egc
*CCOCC(=O)NCCCCCCNC(=O)CO*,5.4615,egc
*c1ccc(-c2ccc(-c3cc(*)c4cccccc3-4)s2)s1,2.0762,egc
*Oc1ccc(C(=O)CNNCC(=O)c2ccc(*)cc2)cc1,4.1658,egc
*c1cc(CCCCCCCCCCCCCCCC)c(*)[nH]1,3.0442,egc
*NC(C)(C)C(C)(C)C(*)=O,5.4856,egc
*CCOCCOC(=O)CCC(C)CC(=O)O*,6.43,egc
*c1ccc2c(c1)[Si](C)(C)c1cc(*)ccc1N2C,3.6899,egc
*CCCCCCCCCCC(=O)NCCCCCCNC(=O)CCCCO*,5.9843,egc
*CCOC(=O)Nc1ccc(NC(=O)O*)cc1,4.8391,egc
*c1ccc(N(*)CCCCCC)cc1,3.7028,egc
*CCCCCOC(=O)NNC(=O)CCCCCCCCC(=O)NNC(=O)O*,5.6607,egc
*CC(*)(F)C(=O)OCCC(F)(F)C(F)(F)C(F)(F)C(F)(F)C(F)(F)C(F)(F)C(F)(F)C(F)(F)F,6.6046,egc
*CCCCCCOC(=O)NCCSCCCCCSCCNC(=O)O*,5.2279,egc
*NC(CCCNC(=O)c1ccc(F)cc1)C(*)=O,4.7549,egc
*NC(=O)C(=S)C(S1)=CC=C1*,1.8546,egc
*ON(C(F)(F)F)C(F)(Cl)C(*)(F)F,6.7405,egc
*C(=O)NNC(=O)c1cccc(*)n1,4.6124,egc
*CCC(C=C1)=CC=C1C(S2)=CC=C2*,3.7098,egc
*CNCC(C=C1)=CC=C1*,4.958,egc
*CCCCCCCCCO*,6.1351,egc
*CCCCCCCc1nnc(CCCCc2nnc(*)o2)o1,6.3226,egc
*CC(C=C1)=CC=C1C(S2)=CC=C2C(C=C3)=CC=C3*,3.4745,egc
*Oc1ccc(C(=O)NCCCCCCCCCCCCNC(=O)c2ccc(*)cc2)cc1,4.4794,egc
*Oc1ccc(C(=O)OC(=O)c2ccc(*)cc2)cc1,4.2788,egc
*c1cc(-c2ccccc2)c(*)s1,2.7439,egc
*C(c1cccs1)=c1ccc(=c2ccc(=C(c3cccs3)c3ccc(-c4ccc(*)s4)s3)s2)s1,1.0381,egc
*NC(S1)=CC=C1OC(S2)=CC=C2*,4.3883,egc
*CCC(*)=O,5.3275,egc
*CCCCCCCCOC(=O)CCCCCCC(=O)O*,6.7527,egc
*CC(F)(F)C(F)(F)C(F)(F)COC(=O)CCCCC(=O)O*,6.6433,egc
*C#Cc1sc(-c2sc(*)c3c2OCCO3)c2c1OCCO2,1.7209,egc
*OC1CCCCCCC1*,5.2834,egc
*Oc1ccc(NC(=C(C#N)C#N)c2ccc(C(Nc3ccc(*)cc3)=C(C#N)C#N)cc2)cc1,2.4883,egc
*C=C1CCC(=Cc2ccc(*)cc2)C1=O,2.5147,egc
*CC(C=C1)=CC=C1NC(=S)*,3.793,egc
*c1cc(C=O)cc(*)c1O,4.1592,egc
*CCCCCCCCNC(=O)CCCCCCCCC(=O)N*,5.7713,egc
*Nc1cc(F)c(*)cc1F,3.4723,egc
*CCCNC(=O)NCCCCCCNC(=O)O*,5.4226,egc
*c1sc(*)c2c1OCC(CCCCCC)O2,3.3322,egc
*CCCCCCCCCNC(=O)CCC=CCCC(=O)N*,5.6551,egc
*CC1CCCC(CNC(=O)CCCCCCCCCCC(=O)N*)C1,5.83,egc
*NC(C=C)CC(*)=O,5.5439,egc
C23C(C(=O)N(C1=CC=CC=C1C(F)(F)F)C2=O)C(C=*)OC3C=*,5.2302,egc
*CC(C(=O)Oc1ccccc1)C(C(=O)O)C(*)(C)C,5.2905,egc
*C#CC(=C(*)c1ccccc1)c1ccccc1,0.8829,egc
*Nc1cc(NC(=O)c2ccc(C(*)=O)cc2)ccc1Cl,3.7621,egc
*C=Cc1cc(Cl)c(*)cc1Cl,3.2579,egc
*C(=O)NCCNC(=O)c1ccc(N2C(=O)c3ccc(*)cc3C2=O)cc1,3.6854,egc
*CC(*)OC(=O)C(F)(F)C(F)(F)C(F)(F)C(F)(F)F,6.4713,egc
*c1cccc(N2C(=O)c3ccc(Oc4ccc(Oc5ccc(Oc6ccc7c(c6)C(=O)N(*)C7=O)cc5)cc4)cc3C2=O)c1,3.2083,egc
*NC(CCCCN)C(*)=O,5.1712,egc
*c1ccc(S(=O)(=O)c2ccc(-n3c(=O)c4cc5c(=O)n(*)c(=O)c5cc4c3=O)cc2)cc1,2.8028,egc
*CC(O)COc1ccc(C(C)(C)c2ccc(OCC(O)COc3cccc(O*)c3)cc2)cc1,4.725,egc
*CC(*)c1ccc(C)c(C)c1,4.4861,egc
*CCCC(*)(C)Cl,6.5311,egc
*CCC1CCC(*)C1,7.1099,egc
*CC(C)(C)COC(=O)NCCOCCOCCNC(=O)O*,5.7915,egc
*NNC(=O)CCCCC(*)=O,5.6711,egc
*Oc1ccc(Cc2ccc(OC(=O)c3cccc(C(*)=O)c3)cc2)cc1,3.7336,egc
*NC(=O)C(S1)=CC=C1C(C=C2)=CC=C2*,2.9223,egc
*c1ccc(-c2nc3ccc(-c4ccc5nc(*)oc5c4)cc3o2)cc1,2.6967,egc
*CC(O)CN(*)c1ccc(N=Nc2ccc(C#N)cc2)cc1,2.0164,egc
*Oc1ccc(N=Cc2ccc(N(c3ccccc3)c3ccc(C=Nc4ccc(*)cc4)cc3)cc2)cc1,2.7442,egc
*C=CC1CC(*)C2CCCC12,5.6651,egc
*CCCCCCN(CC)C(=O)CCCCCCCCCCC(=O)N(*)CC,5.6468,egc
*CC(C)CO*,5.976,egc
*CCCCCCCCCNC(=O)c1cccc(C(=O)N*)c1,4.9596,egc
*CCOCCOC(=O)CCCCCC(=O)O*,6.5004,egc
*CCCCCCCCCCCCCCCCOC(=O)NCCCCCCCCCCNC(=O)O*,6.3322,egc
*CCCCCC(=O)NCCCCCCNC(=O)CCCCCO*,5.7609,egc
*c1ccc(N(c2ccc(CCCC)cc2)c2ccc(-c3ccc(*)s3)cc2)cc1,2.8955,egc
*CCCCCOC(=O)NCCCCCCNC(=O)O*,6.4123,egc
*c1cc(N2C(=O)c3ccc(-c4ccc5c(c4)C(=O)N(*)C5=O)cc3C2=O)c(O)cc1O,3.1117,egc
*CC#CCOC(=O)CCCCCCCCCCC(=O)O*,6.5433,egc
*c1ccc(-c2ccc(-c3ccc(-c4cc(-c5ccccc5)c5cc(Oc6ccc7nc(*)cc(-c8ccccc8)c7c6)ccc5n4)cc3)cc2)cc1,3.1875,egc
*CCCP(CCCNC(=O)CCCCCCCCC(=O)N*)c1ccccc1,4.6632,egc
*CCC(S1)=CC=C1O*,4.8828,egc
*Oc1c(C)c(C)c(Oc2ccc(NC(=O)c3ccc(C(=O)Nc4ccc(*)cc4)cc3)cc2)c(C)c1C,3.2842,egc
*CCCCCNC(=O)CC(=O)N*,5.7523,egc
*c1ccc2c(c1)Cc1cc(*)ccc1-2,3.7772,egc
*CC(=O)NC(=S)*,2.887,egc
*c1ccc(-c2cnc3cc(S(=O)(=O)c4ccc5nc(*)cnc5c4)ccc3n2)cc1,3.1704,egc
*Nc1c(OC)cc(*)cc1OC,3.4275,egc
*Oc1ccc(CC(C#N)(C#N)Cc2ccc(*)cc2)cc1,4.9531,egc
*CCCCCCCCC(=O)NCCCCCCNC(=O)CCCO*,5.9837,egc
*CCCCCCC(=O)NCCCCCOCCCCCNC(=O)CCCO*,5.944,egc
*N=C1C=CC(*)C=C1Cl,4.0784,egc
*CCCCCCCNC(=S)N*,4.3034,egc
*Oc1ccc(OC(=O)c2ccc(C(*)=O)cc2)cc1C1CCCCCCC1,3.5292,egc
*NC(CCCCNC(*)=O)C(=O)OC,6.2157,egc
*CNC(=S)C(S1)=CC=C1*,3.5084,egc
*CCCCCOC(=O)NCCSCCCCCSCCNC(=O)O*,5.3077,egc
*N=Nc1ccc(NC(=O)CCC(=O)Nc2ccc(*)cc2)cc1,2.9351,egc
*CC1CC1COC(=O)NCCCCCCNC(=O)O*,6.2321,egc
*c1ccc2cc(*)n(C(C(=O)OCC)n3ccc4ccccc43)c2c1,4.2748,egc
*CNC(=O)CCCC(=O)N*,6.1798,egc
*Oc1ccc(C(=O)Nc2ccc(S(=O)(=O)c3ccc(NC(=O)c4ccc(Oc5nc(*)nc(Sc6ccccc6)n5)cc4)cc3)cc2)cc1,3.8673,egc
*CCCCCCCCc1nc2cc3sc(*)nc3cc2s1,4.3173,egc
*OC(C)CCC(C)OC(=O)CCCCC(*)=O,6.4506,egc
*CC1CCC(COC(=O)CCCCCCCCC(=O)O*)CC1,6.7673,egc
*CCCCCCOC(=O)CCC=CCCC(=O)O*,5.9212,egc
*Oc1ccc2ccccc2c1N=Nc1ccc(C(*)=O)cc1,2.8394,egc
*CCCN(*)C,4.8968,egc
*C#CC#Cc1ccc(*)s1,1.5604,egc
*CC(*)c1ccc(Cl)c([N+](=O)[O-])c1,1.4833,egc
*CCCCCCCCCCCCNC(=O)CC(=O)N*,5.7842,egc
*C=C(*)CNS(=O)(=O)Cc1ccccc1,3.9211,egc
*CCCCCCCCCCOC(=O)CCCCCCCCC(=O)O*,6.7107,egc
*c1cccc(Cc2cccc(-n3c(=O)c4cc5c(=O)n(*)c(=O)c5cc4c3=O)c2)c1,2.645,egc
*Oc1cc(Cl)cc(Cl)c1*,4.3654,egc
*c1ccc2c(c1)Cc1cc(-n3c(=O)c4cc5c(=O)n(*)c(=O)c5cc4c3=O)ccc1-2,2.1333,egc
*Oc1ccc(Oc2cccc(*)n2)c(C)c1,4.4881,egc
*N=c1c(=Nc2ccc(*)cc2)c2cccc3cccc1c32,2.1929,egc
*C=CC1CC(*)C2CC=CC12,5.3836,egc
*NC(=O)C(S1)=CC=C1C(=O)*,3.683,egc
*CCC(F)(F)C(*)(F)F,8.6882,egc
*OC1OC(*)C2CCCCC12,6.0383,egc
*c1ccc2nc(*)oc2c1,3.8571,egc
*CC(C)(CCC)C(=O)O*,6.7802,egc
*Nc1cnc(*)c(O)c1,3.3471,egc
*C(=O)c1ccc2c(c1)C(=O)N(c1ccc(Oc3ccc(-c4ccc(Oc5ccc(N6C(=O)c7ccc(*)cc7C6=O)cc5)cc4)cc3)cc1)C2=O,2.0335,egc
*CC(*)(C)C(=O)Oc1ccc(C(=O)C=Cc2ccc(Cl)cc2)cc1,2.9358,egc
*c1ccc(-c2cc(CCCCCCCCCCCC)c(*)s2)s1,1.5458,egc
*CC(*)c1ccc(F)cc1,2.0489,egc
*c1ccc(-c2cnc3ccc(S(=O)(=O)c4ccc5ncc(*)nc5c4)cc3n2)cc1,3.2952,egc
*c1ccc(C(=O)Nc2ccc(Oc3ccc(NC(=O)c4ccc(Oc5ccc(-c6nn(*)c(=O)c7ccccc67)c6ccccc56)cc4)cc3)cc2)cc1,3.2201,egc
*c1ccc(N2C(=O)c3ccc(-c4cccc5c4C(=O)N(c4ccc6[nH]c(*)nc6c4)C5=O)cc3C2=O)cc1,2.9114,egc
*C(*)F,6.7608,egc
*CC(CO)(CO)CO*,5.7959,egc
*C(C)C(*)C(=O)OC,6.2685,egc
*C(F)(F)NC(F)(F)O*,8.2061,egc
*c1ccc(*)c(N(C)C)c1,4.5555,egc
*C=C(*)CO,4.3592,egc
*c1cc(CCCCCCCCCC2COC(c3ccccc3)O2)c(*)s1,3.048,egc
*c1ccc(C(C#N)(C#N)C(*)(C#N)C#N)cc1,4.6823,egc
*CC(CS(=O)(=O)CCC)O*,6.0251,egc
*CCCOC(=O)NCCCCCCNC(=O)O*,6.2372,egc
*c1cc(CCCCCCCCCCCC)c(*)s1,2.7478,egc
*NC(=O)C(C=C1)=CC=C1O*,4.6617,egc
*C=Cc1ccc(*)c2ccc(CCCCCCCCCCC)cc12,2.3432,egc
*CCOC(=O)NCCCCCCNC(=O)O*,6.1814,egc
*c1ccc(-c2ccc(-c3ccc(*)n3C)n2C)cn1,2.931,egc
*c1ccc(Oc2ccc(N3C(=O)N(*)C3=O)cc2)cc1,4.3691,egc
*C(C=C1)=CC=C1C(S2)=CC=C2C(C=C3)=CC=C3C(S4)=CC=C4*,2.8274,egc
*c1ccc(Oc2ccc(-n3c(=O)c4c(Oc5ccc(OCCCC)cc5)c5c(=O)n(*)c(=O)c5c(Oc5ccc(OCCCC)cc5)c4c3=O)cc2)cc1,1.9028,egc
*NC(c1ccccc1)C(C)(C)C(*)=O,5.5513,egc
*OC(CCc1ccccc1)CC(*)=O,5.4818,egc
*CNON*,5.3302,egc
*CC(C)(COC(=O)NCCCCCCNC(=O)O*)C(=O)O,6.2179,egc
*OP(=O)(Oc1ccccc1)Oc1ccc(*)cc1,5.1351,egc
*CCCCCCNC(=O)C(O)C(O)C(=O)N*,5.8031,egc
*c1ccc(N2C(=O)c3ccc(-c4ccc5c(c4)C(=O)N(*)C5=O)cc3C2=O)nc1,3.2895,egc
*OP(=O)(Oc1ccc(*)cc1)OC1CCCCC1,5.2577,egc
*NC(CCC(=O)OCCCC)C(*)=O,5.5734,egc
*Oc1cccc2c(OC3(F)C(*)(F)C(F)(F)C3(F)F)cccc12,3.9081,egc
*NC(CC(C)C)C(*)=O,6.106,egc
*CCCC(=O)O*,6.7691,egc
*C=C*,1.3994,egc
*OC(=O)OCCOCCOC(=O)OC1COC2C(*)COC12,6.7329,egc
*Cc1c(O)c(C(C)=O)cc(CNC(=S)N*)c1OC,3.7679,egc
*OC(C)CCOC(=O)CCCCCC(*)=O,6.5798,egc
*CCCCOC(=O)SNCCCCCCNSC(=O)O*,5.4377,egc
*c1ccc(*)c(C)n1,5.1183,egc
*C(=O)c1ccc2c(c1)C(=O)N(c1ccc(N(c3ccc(C#N)cc3)c3ccc(N4C(=O)c5ccc(*)cc5C4=O)cc3)cc1)C2=O,1.8778,egc
*CC(C)(CCC)C(=O)N*,5.8261,egc
*Nc1ccc(NC(=O)c2ccc(NC(=O)c3ccc([Si](C)(C)c4ccc(C(=O)Nc5ccc(C(*)=O)cc5)cc4)cc3)cc2)cc1,3.1752,egc
*OC(F)(F)C(F)(F)C(*)(F)F,9.4523,egc
*CCC(=O)C(S1)=CC=C1*,3.959,egc
*c1ccc2c(c1)C(=O)N(c1ccc(C(C)(C)C(*)(C(F)(F)F)C(F)(F)F)cc1)C2=O,3.3094,egc
*CCCCCNC(=O)C(OC)C(OC)C(=O)N*,5.6994,egc
*CCCC1CCN(SC(=O)OCCCCCCOC(=O)SN2CCC(*)CC2)CC1,4.484,egc
*C(=O)NNC(=O)C(=O)NNC(=O)c1cncc(*)n1,4.3374,egc
*C(=O)Oc1ccc(OC(=O)c2ccc3c(c2)C(=O)N(c2ccc(Sc4ccc(N5C(=O)c6ccc(*)cc6C5=O)cc4)cc2)C3=O)cc1,2.9567,egc
*C(=O)c1ccc2c(c1)C(=O)N(c1ccc(Oc3cc4ccccc4cc3Oc3ccc(N4C(=O)c5ccc(*)cc5C4=O)cc3)cc1)C2=O,2.3398,egc
*SC1CCCC(*)C1,4.9242,egc
*CCCCCCCCCCCCCCCCOC(=O)CCCCC(=O)O*,6.7152,egc
*Nc1cc(NC(=O)c2ccc(C(*)=O)cc2)c(N)cc1N,2.9313,egc
*c9ccc(C8(c5ccc(n4c(=O)c3ccc(C(=O)c2ccc1c(=O)n(*)c(=O)c1c2)cc3c4=O)cc5)c6ccccc6c7ccccc78)cc9,2.4589,egc
*CCCCCCCCCCCCCCCCCCNC(=O)CCCCCCCCCCC(=O)N*,5.6172,egc
*Oc1ccc(C(C)=Cc2ccc(OC(=O)OCCCCCCOC(*)=O)cc2)cc1,4.2293,egc
*CCC(=O)OC(=O)CCc1ccc(*)s1,4.6241,egc
*C(=O)C(S1)=CC=C1NC(=S)OC(S2)=CC=C2NC(S3)=CC=C3*,2.5473,egc
*c1sc(*)c(OCCOCCCC)c1C,1.6261,egc
*CCCCCCOC(=O)C1C(=O)C2CCC1C(=O)C2C(=O)O*,5.2747,egc
*c1ccc(-c2nc3cc4nc(*)oc4cc3o2)cc1,2.6504,egc
*Oc1ccc(C(C)(C)c2ccc(OC(*)=O)c(Cl)c2)cc1Cl,4.9898,egc
*CCOC(=O)c1ccc(C(=O)O*)c2c1CC2,4.3335,egc
*c1ccc(Sc2ccc(-c3nc4ccc(-c5ccc6nc(*)c(-c7ccccc7)nc6c5)cc4nc3-c3ccccc3)cc2)cc1,3.3214,egc
*NC(C=C1)=CC=C1C(S2)=CC=C2C(=S)*,2.4476,egc
*Oc1cccc(OC(=O)Oc2ccc(OC(*)=O)cc2)c1,5.4757,egc
*CCCCCCn1c(=O)c2cc3c(=O)n(*)c(=O)c3cc2c1=O,3.8389,egc
*CCOCCOCCOCCOC(=O)NCCCCCCNC(=O)O*,6.0228,egc
*CCCCCCCCCNC(=O)NCCCCCCCNC(=O)N*,5.422,egc
*CCC([2H])C(*)([2H])C,6.8414,egc
*CC(*)C(F)(F)F,8.2263,egc
*CCCCCCCOC(=O)CCCCCCCCC(=O)O*,6.8159,egc
*c1cc2c(s1)-c1sc(-c3cc4c(s3)-c3sc(*)cc3C4(CC(CC)CCCC)CC(CC)CCCC)cc1C2=O,1.5473,egc
*Nc1ccc(NC(=O)C=CC(*)=O)cc1,2.7273,egc
*c1ccc(Sc2ccc(-n3c(=O)c4cc5c(=O)n(*)c(=O)c5cc4c3=O)cc2)cc1,2.5188,egc
*Oc1ccc(C(C)(C)c2ccc(OC(*)=O)c(Cl)c2)cc1,5.0408,egc
*CCCCCCCC(=O)N(*)C,5.5443,egc
*c1ccc(-c2ccc3nc(*)cc(-c4ccccc4)c3c2)cc1,2.9209,egc
*OC(C)C#CC#CC(C)OC(=O)c1ccc(C(*)=O)cc1,4.3105,egc
*c1ccc(C#Cc2cc(OCCCCCCCC)c(C#Cc3ccc(-c4nnc(*)o4)cc3)cc2OCCCCCCCC)cc1,2.6231,egc
*OC(C)CCCC(C)C(*)=O,6.6886,egc
*Nc1cccc(NC(=O)c2cc(NC(=O)c3ccncc3)cc(C(*)=O)c2)c1,3.2998,egc
*N=P(*)(OCCC(=O)C=C)OCCC(=O)C=C,3.9384,egc
*Oc1ccc(C(C)(CC)c2ccc(OC(*)=O)cc2)cc1,5.0105,egc
*CC#CCOC(=O)CCCCCCCCC(=O)O*,6.1042,egc
*CC(*)(C)C(=O)OCc1cccs1,4.9884,egc
*NC(CSC(=O)OCc1ccccc1)C(*)=O,5.0387,egc
*CC(*)(C)C(=O)Oc1ccccc1,5.2323,egc
*C(Br)=C(c1ccccc1)c1ccc(*)cc1,3.469,egc
*Oc1ccc(C(C)=Nc2ccc(N=C(C)c3ccc(*)cc3)cc2)cc1,2.9143,egc
*CCCCOC(=O)NNC(=O)CCCCCCCCC(=O)NNC(=O)O*,6.1019,egc
*CCN(*)C(=O)c1c(F)cc(F)cc1F,4.6328,egc
*CCN(CCOC(=O)Nc1ccc(Cc2ccc(NC(=O)O*)cc2)cc1)c1ccccc1,4.1239,egc
*C(C=C1)=CC=C1C(=S)C(C=C2)=CC=C2C(=S)*,2.6743,egc
*CCCCOC(=O)NCCCCCCNC(=O)O*,6.3532,egc
*CCCCCCCCCCNC(=O)CCCCCCC(=O)N*,5.9989,egc
*C(=O)C(C=C1)=CC=C1C(=S)C(S2)=CC=C2*,2.3711,egc
*CCCC(=O)NCCCCCCNC(=O)CCCO*,5.652,egc
*NNC(=O)C(=O)NNC(=O)CCCCCCCC(*)=O,4.4307,egc
*NC(S1)=CC=C1C(=S)C(S2)=CC=C2*,1.6616,egc
*c1ccc(-c2sc(-c3cc(SCCCCCCCC)c(*)s3)cc2SCCCCCCCC)cc1,2.4336,egc
*C=CC(C)(C)C(*)(C)C,5.1816,egc
*c1ccc(*)n1C(C(=O)NO)n1ccc2ccccc21,2.4131,egc
*Oc8ccc(C7(c5ccc(OC(=O)c4ccc(C3(c1ccc(C(*)=O)cc1)OC(=O)c2ccccc23)cc4)cc5)OC(=O)c6ccccc67)cc8,4.0362,egc
*CC(*)C(=O)OCCCOc1ccc(-c2ccc(C#N)cc2)cc1,3.6528,egc
*CCCCCNC(=O)CCCCCCCCCCCCC(=O)N*,5.8927,egc
*CCOCCOC(=O)CC(=O)O*,6.2374,egc
*Oc1ccc(C2(c3ccc(OC(*)=O)cc3)CC(C)CC(C)(C)C2)cc1,4.7559,egc
*C=Cc1ccc(-c2ccc(C=Cc3cc(*)ncn3)cc2)cc1,2.7379,egc
*c1ccc(*)n1CCC(=O)OCC,2.8986,egc
*C=Cc1cc(CCCCCC)c(*)s1,3.5808,egc
*c1cccc(-c2ccc(-c3ccc(*)s3)s2)c1,2.9634,egc
*CCCCCCCNC(=O)C(OC)C(OC)C(=O)N*,5.7148,egc
*c1nc2cc(S(=O)(=O)c3ccc4oc(C5CCC(*)CC5)nc4c3)ccc2o1,4.8558,egc
*OC(COC(F)(C(F)(F)F)C(F)(F)F)C(*)COC(F)(C(F)(F)F)C(F)(F)F,6.5255,egc
*Oc1ccc(C(C)(C)c2ccc(OC(=O)OCC3CCC(COC(*)=O)CC3)cc2)cc1,5.2076,egc
*Nc1ccc(-c2ccc(Nc3ccc4c(c3)c3cc(*)ccc3n4CC(CC)CCCC)cc2)cc1,3.3558,egc
*c1cccc(-c2cc(*)cc3c2NC(C)(C)OC3(C)C)c1,3.618,egc
*c1ccc(*)nn1,3.3251,egc
*c1ccc(N2C(=O)c3ccc(P(=O)(c4ccccc4)c4ccc5c(c4)C(=O)N(*)C5=O)cc3C2=O)cc1,3.066,egc
*CC(O)COc1ccc(C(C)(C)c2ccc(OCC(O)COc3ccc(S(=O)(=O)c4ccc(O*)cc4)cc3)cc2)cc1,4.067,egc
*CC(C=C1)=CC=C1C(C=C2)=CC=C2C(C=C3)=CC=C3*,3.7798,egc
*C1=CC2=NC(*)=CC2=N1,1.3051,egc
*c1cc(C(=O)OCCCCCC)c(*)s1,2.8903,egc
*C#CC#CCCCCCCCC*,5.4216,egc
*CCCCCCCCCCNC(=O)CCC(=O)N*,5.9532,egc
*CCC(S1)=CC=C1C(S2)=CC=C2*,3.23,egc
*CCCCNC(=O)CCCCCCCC(=O)NCCCCNC(=O)C(=O)N*,5.3591,egc
*CCCCOC(=O)CCCCS(=O)(=O)CCCCC(=O)O*,6.544,egc
*CCCCOC(=O)c1ccc(NC=Nc2ccc(C(=O)O*)cc2)cc1,3.6652,egc
*CCCCCCCCCCCCO*,6.2452,egc
*c1sc(*)c(OCCCCCC)c1C,3.4475,egc
*Oc1ccc(OC(=O)c2ccc(OCCCCCCCCCCOc3ccc(C(*)=O)cc3)cc2)cc1S(=O)(=O)c1ccccc1,4.4922,egc
*C(F)(F)C(F)(F)C(C=C1)=CC=C1C(C=C2)=CC=C2*,4.4103,egc
*c1ccc(C(c2ccc(-n3c(=O)c4cc5c(=O)n(*)c(=O)c5cc4c3=O)cc2)(C(F)(F)F)C(F)(F)F)cc1,2.7195,egc
*CC(F)(F)C(F)(F)C(F)(F)COC(=O)c1cccc(-c2cccc(C(=O)O*)c2)c1,4.3076,egc
*C(=O)Nc1ccc(NC(=O)c2ccc(NC(=O)c3ccc(-c4nc5cc(*)ccc5[nH]4)cc3)cc2)cc1,2.7114,egc
*C=CC(C)=C(C)C=Cc1ccc(-c2ccc(*)s2)s1,1.5733,egc
*Sc1ccc(*)cc1,3.6211,egc
*C1C=CC(*)C1,5.7164,egc
*c1ccc(C(=O)Nc2cccc(-n3c(=O)c4cc5c(=O)n(*)c(=O)c5cc4c3=O)c2)cc1,2.445,egc
*NC(C=C1)=CC=C1C(C=C2)=CC=C2O*,4.0962,egc
*CCOCCOC(=O)NC(=CC=C1(C))C=C1NC(=O)O*,5.0931,egc
*C=CC(C)CCCCCCCCC*,5.8829,egc
*Cc1ccc(CNC(=O)CCCCCCCCCCCCCCCC(=O)N*)cc1,5.288,egc
*Oc1ccc(Oc2ccc(C(=O)c3ccc(*)cc3)cc2)cc1C=O,3.6677,egc
*CNC(=S)O*,4.6235,egc
*Nc1ccc(C(C)(C)c2ccc(NC(=O)c3cc(C(*)=O)cc(S(=O)(=O)c4ccccc4)c3)cc2)cc1,3.3259,egc
*NCc1cc(C(=O)O)cc(CNc2nc(-c3csc(*)n3)cs2)c1N,3.7145,egc
*CC(C)CCCCC(=O)N*,6.0272,egc
*CC(*)OC(=O)OCC(F)(F)F,7.5359,egc
*CC1CCC(CNC(=O)CCCCCC(=O)N*)CC1,5.787,egc
*OC1(O)CCCC(*)C1,6.0531,egc
*C(S1)=CC=C1C(S2)=CC=C2OC(=S)*,2.4847,egc
*CCCCNC(=O)CCC=CCCC(=O)N*,5.5356,egc
*C=C1CCCC(=Cc2ccc(*)cc2)C1=O,3.6567,egc
*CC(S1)=CC=C1CC(=S)*,3.2956,egc
*C(F)(F)C1(F)C(F)(F)C(*)(F)C1(F)F,7.1313,egc
*Oc1cccc2c(OC(=O)Oc3ccc(OC(*)=O)cc3Cl)cccc12,4.0203,egc
*c1ccc(C(=O)c2cccc(-n3c(=O)c4cc5c(=O)n(*)c(=O)c5cc4c3=O)c2)cc1,3.1782,egc
*OC(c1ccccc1)C(C)(C)C(*)=O,5.5004,egc
*CCOC(=O)Nc1cc(NC(=O)O*)ccc1C,5.1142,egc
*CCCCCOC(=O)CCCCS(=O)(=O)CCCCC(=O)O*,6.9262,egc
*CCCCCCC(=O)NCCCCCCNC(=O)CCCCCCO*,5.7692,egc
*CC(*)c1ccncc1,2.5368,egc
*CCCCCOC(=O)CCCCCNC(=O)O*,6.3976,egc
*CC(S1)=CC=C1NC(S2)=CC=C2*,4.1254,egc
*Nc1c(F)c(F)c(-c2ccc3cc(-c4ccc5c(c4)C(=O)N(c4cccc(*)c4)C5=O)ccc3c2)c(F)c1F,2.918,egc
*CCCCCC(=O)NCc1ccc(CNC(=O)CCCCO*)cc1,5.142,egc
*c1ccc(C(=O)Nc2ccc(NC(=O)c3ccc(-n4c(=O)c5sc6c(=O)n(*)c(=O)c6sc5c4=O)cc3)cc2)cc1,1.4889,egc
*C=CC(=O)C(C)=Cc1ccc(Sc2ccc(*)o2)o1,2.9229,egc
*c1ccc(-c2ccc(-c3ccc(-c4ccc(*)n4CCCCCCCCCCCC)s3)s2)s1,2.1465,egc
*C(=O)Nc1ccc(Oc2ccc(N3C(=O)c4ccc(*)cc4C3=O)cc2)cc1,2.7025,egc
*Oc1ccc(OC(=O)c2ccc(OC(=O)CCCCCCCCC(*)=O)cc2)cc1,4.2519,egc
*C=CC1CC(*)C(C#N)C1,5.8346,egc
*C=Cc1ccc(*)n1CCCCCCCCCCCC,1.2671,egc
*CC(CF)O*,6.1097,egc
*CC(CO*)(COC=O)COC=O,6.4753,egc
*c1ccc(-c2csc(-c3nc(*)cs3)n2)cc1,3.3372,egc
*Oc1ccc(SSCCCCSSc2ccc(*)cc2)cc1,4.3465,egc
*OC(=O)c1cccc(C(*)=O)c1,4.6197,egc
*OC(*)C,6.9003,egc
*CCCCCCCCCNC(=O)CCCCC(=O)N*,5.6864,egc
*CCCCCCCCCCCCCCCCOC(=O)CCCCCCCCC(=O)O*,6.641,egc
*c1cc(CC(=O)OCCCCCCOc2ccc(N=Nc3ccc(C#N)cc3)cc2)c(*)s1,2.6018,egc
*CC(*)(C)C(=O)OC(CC)OCC,6.3891,egc
*c1ccc(-c2ccc(N(c3ccccc3)c3ccc4ccc(N(*)c5ccccc5)cc4c3)cc2)cc1,3.0933,egc
*NC(=S)NC(=S)*,2.8537,egc
*c1ccc(N(c2ccc(C#N)cc2)c2ccc(-n3c(=O)c4cc5c(=O)n(*)c(=O)c5cc4c3=O)cc2)cc1,1.6108,egc
*C(=O)Nc1cccc(NC(=O)c2ccc3c(c2)C(=O)N(c2cccc(N4C(=O)c5ccc(*)cc5C4=O)c2)C3=O)n1,3.2959,egc
*Oc1ccc(C(=C(Cl)Cl)c2ccc(OC(*)=O)cc2)cc1,4.2371,egc
*Oc1ccc(Oc2ccc(C(=O)c3ccc(*)cc3)cc2)cc1C(Br)Br,3.947,egc
*NC(CC(=O)OCc1ccc(Cl)cc1)C(*)=O,5.1636,egc
*C(F)(F)C(F)(F)C(=S)O*,3.598,egc
*C1C2CCC(C2)C1*,6.1739,egc
*CC(*)c1cc(Br)ccc1OC(C)C,4.6199,egc
*CCCOC(=O)CCCCCCCCCC(=O)O*,6.7744,egc
*C(=O)Nc1ccc(NC(=O)c2ccc(N3C(=O)c4ccc(*)cc4C3=O)cc2)cc1,2.9178,egc
*CC(*)n1c2ccc(I)cc2c2cc(I)ccc21,2.9408,egc
*c1ccc(*)n1C,2.6193,egc
*OC1(F)CC(C(*)C)C1C(F)(F)C1(F)CC1,7.2672,egc
*NC(S1)=CC=C1C(=O)C(=S)*,2.1167,egc
*c1cc2c(s1)-c1sc(-c3sc(-c4sc(*)c5c4OCCO5)c4c3OCCO4)cc1C2=C(C#N)C#N,0.9952,egc
*c1ccc(-c2sc(-c3cc(CCCC)c(*)s3)cc2CCCC)cc1,2.5595,egc
*CCOC(=O)C(=O)O*,6.5784,egc
*CC(=O)OC(=O)COc1cccc(O*)c1,4.3174,egc
*CC(F)(F)C(F)(F)C(F)(F)COC(=O)CC(CC(=O)O*)C(F)(F)C(F)(F)C(F)(F)F,6.6602,egc
*C(=O)Nc1ccc(C(=O)Nc2ccc(NC(=O)c3ccc4[nH]c(-c5ccc(-c6nc7cc(*)ccc7[nH]6)cc5)nc4c3)cc2)cc1,2.6204,egc
*c1nc(-c2ccccc2)nc(N(*)c2ccccc2)n1,3.8771,egc
*NC(=O)OC(=O)*,5.6538,egc
*CCCCCCNC(=O)C(CCCCC)C(=O)N*,5.7089,egc
*C(F)(F)C1(F)C(F)(F)C(*)(F)C(F)(F)C(F)(F)C(F)(F)C1(F)F,7.4251,egc
*CCC(C)O*,6.0172,egc
*CCOC(=O)CCCCS(=O)(=O)CCCCC(=O)O*,6.7001,egc
*CC(=O)O*,7.0895,egc
*CCCCCCNC(=O)C(O)C(O)C(O)C(O)C(=O)N*,5.9698,egc
*CCOCCOC(=O)CCCCS(=O)(=O)CCCCC(=O)O*,6.5167,egc
*CCCCOC(=O)NCCSCCSCCNC(=O)O*,5.7445,egc
*c1cc(-c2sc(-c3cc(CCCC)c(*)s3)cc2CCCC)c2cccccc1-2,1.9772,egc
*OC1CCC(OC(=O)CCCCCCC(*)=O)CC1,6.6443,egc
*CCCCCCCCCOC(=O)Nc1ccc(C)c(NC(=O)O*)c1,4.9708,egc
*CC(CO*)(COc1ccccc1)COc1ccccc1,4.7985,egc
*C(=O)c1cccc(C(=O)c2ccc3c(c2)C(=O)N(c2ccc(Oc4ccc(N5C(=O)c6ccc(*)cc6C5=O)cc4)cc2)C3=O)c1,2.5831,egc
*CC#CCOC(=O)CCC(=O)O*,5.9483,egc
*CCCCCC(=O)S*,5.3869,egc
*c1ccc(C(c2ccccc2)c2ccc(N3C(=O)c4ccc(-c5ccc6c(c5)C(=O)N(*)C6=O)cc4C3=O)cc2)cc1,2.907,egc
*C(F)(F)C(C=C1)=CC=C1C(F)(F)O*,4.9933,egc
*CCCCCCCNC(=O)c1cccc(C(=O)N*)c1,4.8667,egc
*NC(C)C(=O)NCC(*)=O,5.7945,egc
*Oc1ccc(C(c2ccccc2)(c2ccccc2)c2ccc(OC(=O)CCCCCCCCC(*)=O)cc2)cc1,4.7541,egc
*CCCCCCCCCCCCCOC(=O)c1ccc(C(=O)NCCCCCCNC(=O)c2ccc(C(=O)O*)cc2)cc1,4.6196,egc
*C(=O)c1cccc(C(=O)N2COCN2*)c1,4.5807,egc
*CNC(C=C1)=CC=C1C(=O)*,3.6383,egc
*C=CC1C=CC(*)C(C(=O)OC(C)(C)C)=C1C(=O)OC(C)(C)C,4.1406,egc
*C=C(*)c1cccc2ccccc12,0.8664,egc
*CC(C)(C)CO*,5.8123,egc
*CCCCOC(=O)NCCCCNC(=O)O*,6.3043,egc
*OC(=O)CCSc1ccc(SCCC(*)=O)cc1,4.6942,egc
*c1ccc(*)n1C(C(=O)OCC)n1cccc1,2.8248,egc
*CCCCOC(=O)CCCCC(=O)O*,6.8238,egc
*OC(=O)OCCCCOC(=O)OC1COC2C(*)COC12,6.6085,egc
*OC(=O)c1ccc(C(=O)Oc2ccc3c(c2)Oc2cc(*)ccc2C32c3ccccc3-c3ccccc32)cc1,3.1167,egc
*CCCCCCCNC(=O)CCCCCCCCCCCCCCCCCCC(=O)N*,5.9137,egc
*c1cc(CCCC)c(*)s1,2.5394,egc
*c1ccc(C(C#N)(C(=O)O)C(*)(C#N)C(=O)O)cc1,5.2415,egc
*CC(*)(Cl)C(=O)OCC,6.3834,egc
*CCCCCCCCOC(=O)NCCCCCCNC(=O)O*,6.1519,egc
*C(=O)NNC(=O)c1ccc(*)nc1,3.5892,egc
*CCCCCCCc1nnc(*)n1N,5.5167,egc
*ON(C(F)(F)F)C(F)(Br)C(*)(F)F,6.3719,egc
*CC(F)(F)C(F)(F)C(F)(F)C(F)(F)COC(=O)C(F)(F)C(F)(F)C(F)(F)C(F)(F)C(=O)O*,6.3052,egc
*C(F)(F)C1(F)C(F)(F)C(*)(F)C(F)(F)C(F)(Cl)C1(F)F,7.2365,egc
*CC(*)c1ccc(C(=O)CCN2CCCCC2)cc1,2.7084,egc
*CCOC(=O)c1ccc(O*)c(Cl)c1,4.81,egc
*C(F)(F)C(=O)C(F)(F)O*,5.2431,egc
*CCCCCCCCCCCCC(=O)O*,6.7386,egc
*CC(CCCCCC)O*,5.8686,egc
*c1cc(-c2ccc(CCCCCCCC)cc2)c(*)s1,2.6682,egc
*C(=O)C(C=C1)=CC=C1C(S2)=CC=C2C(=S)*,2.3592,egc
*CCCCCCCCNC(=O)CCCCCCCCCCCCCCC(=O)N*,5.8468,egc
*Nc1ccc(-c2ccc(NC(=C(C#N)C#N)c3ccc(-c4ccc(C(*)=C(C#N)C#N)cc4)cc3)cc2)cc1,2.7741,egc
*Oc1ccc(NC(=O)c2cccc(C(=O)Nc3ccc(*)cc3)c2)cc1,3.4563,egc
*NC(=S)Sc1cc(N)nc(*)n1,3.0317,egc
*CC(CS(C)(=O)=O)O*,5.2613,egc
*CCOC(=O)CCCCSCCCCC(=O)O*,5.1928,egc
*C#CC#Cc1cc2sc(*)cc2s1,1.7355,egc
*NC(Cc1ccccc1)C(*)=O,5.5152,egc
*CCCCC(C)CC(=O)N*,6.0469,egc
*CC(F)(F)C(F)(F)C(F)(F)C(F)(F)COC(=O)NCC(F)(F)C(F)(F)C(F)(F)C(F)(F)CNC(=O)O*,6.8832,egc
*C(=O)c1ccc2c(c1)C(=O)N(c1cc(C(=O)O)cc(N3C(=O)c4ccc(*)cc4C3=O)c1)C2=O,3.4931,egc
*CCC(Cl)C(*)Cl,6.5471,egc
*OC(C)COC(=O)COCC(*)=O,6.2412,egc
*Oc1ccc(S(=O)(=O)c2ccc(-c3ccc(-c4ccc(S(=O)(=O)c5ccc(*)cc5)cc4)cc3)cc2)cc1,3.6921,egc
*CC(OC1CCCCC1)C1C(=O)OC(=O)C1*,5.6267,egc
*c1ccc(-c2cc(-c3ccc(CCCCCCCC)cc3)c(*)s2)s1,1.5651,egc
*C(=O)Nc1ccc(S(=O)(=O)c2ccc(NC(=O)c3ccc4[nH]c(-c5cccc(-c6nc7cc(*)ccc7[nH]6)c5)nc4c3)cc2)cc1,3.6016,egc
*OP(=O)(Oc1ccc(-c2ccc(*)cc2)cc1)OC1CCCCC1,4.479,egc
*c1cccc(-c2nnc(*)o2)c1,4.1016,egc
*CC(C=C)O*,4.8923,egc
*C=C(*)c1cccc[n+]1CC#C,0.3201,egc
*CC(COCCCCCC)O*,5.6762,egc
*c1ccc(Oc2ccc(N3C(=O)c4ccc(S(=O)(=O)c5ccc6c(c5)C(=O)N(*)C6=O)cc4C3=O)cc2Br)c(Br)c1,2.7192,egc
*C=Cc1ccc(*)c(F)c1,2.259,egc
*C=Cc1ccc(*)c2c1C(=O)OC2=O,3.9313,egc
*CCOC(=O)NCCNC(=O)O*,6.1962,egc
*c1ccc(Oc2ccc(Oc3ccc(-n4c(=O)c5cc6c(=O)n(*)c(=O)c6cc5c4=O)cc3)cc2)cc1,2.0871,egc
*CCC1CC(*)C2CCCC12,6.7838,egc
*C(=O)COCC(=O)N1CCN(*)CC1,5.5847,egc
*C(=O)Nc1ccc(Oc2ccc(NC(=O)c3cccc(*)n3)cc2)cc1,3.4406,egc
*NC(C=C1)=CC=C1C(S2)=CC=C2C(S3)=CC=C3*,3.3427,egc
*C(=O)c1ccc2c(c1)C(=O)N(c1cccc(N3C(=O)c4ccc(*)cc4C3=O)c1C)C2=O,3.3303,egc
*c1ccc(N2C(=O)c3ccc(-c4ccc5c(c4)C(=O)N(c4ccc6[nH]c(*)nc6c4)C5=O)cc3C2=O)cc1,2.4895,egc
*CCCCCCCCCCNCCCCCCN*,5.4327,egc
*OC(CC)C(*)=O,6.3762,egc
C(=O)(*)C1=CC=C(C=C1)S(=O)(=O)C1=CC=C(C=C1)C(=O)OC1=CC=C(C=C1)C(C1=CC=CC=C1)(C1=CC=CC=C1)C1=CC=C(C=C1)O(*),3.2146,egc
*C(=O)c1ccc(C(=O)N(C)c2ccc(Cl)c(N(*)C)c2)cc1,3.3332,egc
*CCNC(=O)c1cccc(O*)c1,4.5918,egc
*CCCCCCCCCCOC(=O)CC=CCC(=O)O*,6.0213,egc
*c1cc(-c2cc(CCCCCCCC)ccc2CCCCCCCC)c(*)s1,1.6967,egc
*Oc1ccc(Sc2ccc(OC(*)=O)cc2)cc1,4.473,egc
*C(=O)C1CC1C(=O)N1CCN(*)CC1,5.7206,egc
*CC(*)OC(=O)C(F)(F)C(F)(F)F,6.6309,egc
*c1ccc(-n2c(=O)c3cc4c(=O)n(*)c(=O)c4cc3c2=O)cc1,2.8625,egc
*CC1(CO*)CC=CCC1,5.5732,egc
*C=CC(CN)C(*)C(=O)O,5.3681,egc
*CCCCCCNC(=O)NCCCCNC(=O)N*,5.3951,egc
*CCCCCCCCCCCCCCCCCCCCOC(=O)C1CCC(C(=O)O*)CC1,6.484,egc
*Oc1ccc(S(=O)c2ccc(OC(*)=O)cc2)cc1,4.6592,egc
*CC(*)C(=O)CC,5.6211,egc
*OC(=O)CCSCc1ccc(CSCCC(*)=O)cc1,4.567,egc
*Oc1ccc(CCNC(=O)c2cccc(C(*)=O)c2)cc1,4.1401,egc
*CCCCOC(=O)SSC(=O)O*,4.2442,egc
*C(F)(F)CC(F)(F)C(=S)*,2.8419,egc
*NNC(=O)CCCCCCCCCCCC(*)=O,5.7041,egc
*C(=O)c1ccc2c(c1)C(=O)N(c1ccc3c(c1)Cc1cc(N4C(=O)c5ccc(*)cc5C4=O)ccc1-3)C2=O,2.2777,egc
*C(=O)Nc1cc(NC(=O)c2ccc3[nH]c(-c4cccc(-c5nc6cc(*)ccc6[nH]5)c4)nc3c2)cc(-c2nc3ccccc3[nH]2)c1,3.2918,egc
*c1cc(-c2ccc(OCCCCCC)cc2)c(*)s1,2.6448,egc
*c1ccc(C(c2ccccc2)(c2ccc(-n3c(=O)c4cc5c(=O)n(*)c(=O)c5cc4c3=O)cc2)C(F)(F)F)cc1,2.7963,egc
*C=CCCCCCC*,5.8437,egc
*CC(*)(C)C(=O)OCCC1CCCCC1,6.5132,egc
*C=NCCCCCCN=Cc1ccc(Sc2ccc(*)o2)o1,3.6661,egc
*CCCC(*)C,7.1052,egc
*c1cccc(-n2nc(-c3ccccc3)c3cc(Oc4ccc5c(-c6ccccc6)nn(*)c(=O)c5c4)ccc3c2=O)c1C#N,3.4916,egc
*CC(C)(C)COC(=O)CCC(=O)O*,6.4486,egc
*Oc1ccc(C(C)(C)c2ccc(OC(*)=O)cc2)cc1,5.2059,egc
*c1cc(*)c(O)c(C=O)c1,3.2778,egc
*C(=O)c1ccc2c(c1)C(=O)N(c1cccc(C#Cc3cccc(N4C(=O)c5ccc(*)cc5C4=O)c3)c1)C2=O,2.4849,egc
*CCCCCCCCCCOCCCCCCCCCCOCCCCCO*,5.9245,egc
C13C(C=*)OC(C=*)C1C(=O)N(C2=CC=C(C(F)(F)F)C=C2)C3=O,5.369,egc
*C(=O)c1ccc2c(c1O)C(=O)N(c1ccc(Oc3ccc(N4C(=O)c5ccc(*)c(O)c5C4=O)cc3)cc1)C2=O,2.4208,egc
*OC(CCCCCC)CC(*)=O,6.7534,egc
*CC(CCl)(CCl)COC(=O)c1ccc(C(=O)O*)cc1,4.7184,egc
*OC(=O)c1ccc(C(*)=O)cc1,4.5736,egc
*C(=O)Nc1ccc(Cc2ccc(N3C(=O)c4ccc(*)cc4C3=O)cc2)cc1,3.1109,egc
*CCCCCCCCCCCCNC(=O)CCCCCCCCCCCCC(=O)N*,6.028,egc
*CC(*)c1ccc(C(=O)CCN2CCOCC2)cc1,3.2629,egc
*Oc1cccc(OC(=O)c2ccc(Oc3ccc(C(*)=O)cc3)cc2)c1,4.2359,egc
*OC1(F)C(C)C(C)(C2(Cl)CNCNC2*)CC1(C)C,5.4515,egc
*CC1CC(*)CN(c2nc(N)nc(N)n2)C1,5.1254,egc
*Nc1ccc(C(C)(C)c2ccc(NC(=O)c3cc(C(*)=O)cc(N4C(=O)C5CC=CCC5C4=O)c3)cc2)cc1,3.5748,egc
*CC(*)C(=O)OCC=C,6.066,egc
*NOC(=O)O*,6.2663,egc
*CONO*,6.4799,egc
*CCCCCC(=O)NCCCCCOCCCCCNC(=O)CCCCO*,5.905,egc
*ON(C(F)(F)F)C(F)(F)C(F)=C(F)C(*)(F)F,4.6645,egc
*CCCCCCCCCOc1ccc(C=CC=Cc2ccc(O*)cc2)cc1,3.5795,egc
*C(*)(F)Cl,3.6564,egc
*Oc1cc(C)c(*)c(C)c1Br,4.5779,egc
*c1ccc(-c2nnc(-c3cccc(-c4nnc(*)o4)c3)o2)cc1,3.4013,egc
*C(=O)C1CC(OC(C)=O)CN1*,4.1614,egc
*Oc1ccc(C(CC)(c2ccccc2)c2ccc(OC(*)=S)cc2)cc1,4.1012,egc
*C(C=C1)=CC=C1C(C=C2)=CC=C2C(=S)O*,3.2538,egc
*C=CC(C*)CC,5.4701,egc
*CC(S1)=CC=C1C(C=C2)=CC=C2C(S3)=CC=C3*,3.3769,egc
*c1ccc(-c2cc(CCCCCCOC(=O)COc3ccccc3)c(*)s2)s1,1.9751,egc
*CC(O*)c1ccccc1,5.2866,egc
*CCCCCCOC(=O)NNC(=O)CCCCCCCCC(=O)NNC(=O)O*,5.8625,egc
*OC(=O)OCC(OC)C(COC(=O)OC1COC2C(*)COC12)OC,6.3606,egc
*Oc1ccc(NC(=O)c2cc(NC(=O)C34CC5CC(CC(C5)C3)C4)cc(C(=O)Nc3ccc(*)cc3)c2)cc1,3.5033,egc
*NC(=S)NC(C=C1)=CC=C1CC(C=C2)=CC=C2*,3.7839,egc
*CCCOC(=O)Cc1ccc(CC(=O)O*)cc1,5.2766,egc
*c1nc2cc3nc(-c4ccc(*)o4)[nH]c3cc2[nH]1,2.2261,egc
*NC(CC(=O)OCc1ccccc1)C(*)=O,5.316,egc
*c1ccc(-c2nc3cc(-c4ccc5nc(-c6ccccc6)c(*)nc5c4)ccc3nc2-c2ccccc2)cc1,3.3015,egc
*CCCS(=O)(=O)CCCS(=O)(=O)CCCOC(=O)c1ccccc1C(=O)O*,5.0984,egc
*OC(F)(F)C(F)(F)C(F)(F)C(*)(F)F,9.0549,egc
*OC(=O)C1CCC(C(=O)OC2COC3C(*)COC23)CC1,6.4746,egc
*C(=O)c1ccc2c(c1)C(=O)N(c1cccc(Cc3ccc(C(=O)c4ccc(N5C(=O)c6ccc(*)cc6C5=O)cc4)cc3)c1)C2=O,2.9158,egc
*C=CC1CC(*)C(C(=O)Oc2ccccc2)C1C(=O)Oc1ccccc1,5.2819,egc
*c1cc(CC)c(*)s1,2.3523,egc
*NNC(=O)C(=O)NNC(=O)CCCCC(*)=O,4.5812,egc
*Cc1ccc(C(=O)N*)cc1,5.0419,egc
*c1cc(-c2nc3ccccc3s2)cc(-n2c(=O)c3cc4c(=O)n(*)c(=O)c4cc3c2=O)c1,2.4436,egc
*CCCOC(=O)CCCCCCC(=O)O*,6.9244,egc
*Oc1c(C(C)C)cc(C(*)=O)cc1C(C)C,4.7789,egc
*C(C=C1)=CC=C1OC(=S)O*,4.7568,egc
*Nc5ccc(NC(=O)c4ccc(C3(c1ccc(C(*)=O)cc1)OC(=O)c2ccccc23)cc4)cc5,3.4199,egc
*CCCCCCCCCCNC(=O)CCCCCCCCC(=O)N*,5.9125,egc
*C(=O)C(C=C1)=CC=C1C(C=C2)=CC=C2C(=S)*,2.4596,egc
*CCCCCCCCn1c(=O)c2ccc3c4ccc5c(=O)n(*)c(=O)c6ccc(c7ccc(c1=O)c2c37)c4c56,2.0224,egc
*CCCP(CCCNC(=O)C(=O)N*)c1ccccc1,4.5841,egc
*CCCCCCOC(=O)CCCCCCCCC(=O)O*,6.8548,egc
*c1cc(SCCCCCC)c(*)s1,1.6201,egc
*CC(*)OC(=O)c1ccc(OC(C)=O)cc1,4.6237,egc
*c1ccc(C(=O)Nc2ccc(-n3c(=O)c4cc5c(=O)n(*)c(=O)c5cc4c3=O)cc2C(=O)OCC)cc1,2.463,egc
*CC(=O)NCCCCCCNC(=O)COC(=O)CCCCC(=O)O*,6.0986,egc
*C([2H])([2H])C(*)(F)F,7.1497,egc
*CCCCCCOC(=O)CCCC(=O)O*,6.6665,egc
*Oc1ccc(OC(=O)c2ccc(C(*)=O)cc2)cc1Cl,3.9402,egc
*C(F)C(*)(F)OC(F)(F)F,8.1265,egc
*CC(*)(F)C(=O)OCC(F)(F)C(F)(F)C(F)(F)C(F)(F)C(F)(F)C(F)F,6.4283,egc
*c1ccc(Oc2cccc(-n3c(=O)c4cc5c(=O)n(*)c(=O)c5cc4c3=O)c2)cc1,2.5637,egc
*CC1CC(*)CC(O)C1,6.4795,egc
*C1CC(C)(C)OC1*,5.8529,egc
*CCCC(*)C#N,7.8211,egc
*C(=O)SSCCCCSSC(=O)N1CCN(*)CC1,4.2166,egc
*c1cncc(-c2nnc(-c3nnc(*)o3)o2)n1,3.6277,egc
*c1ccc(-c2ccc(-c3cc(-c4ccccc4)c4cc(-c5ccc6nc(*)cc(-c7ccccc7)c6c5)ccc4n3)cc2)cc1,3.1298,egc
*CCCC1(C)CCN(C(=O)CCC(=O)N2CCC(*)(C)CC2)CC1,5.3334,egc
*CC(*)(C)C#N,7.6319,egc
*CCC(=O)OC(=O)CCc1ccc(*)o1,4.5192,egc
*CC(=O)NC(=O)*,4.269,egc
*Nc1ccc(NC(=S)NC(=O)c2cccc(C(=O)NC(*)=S)c2)cc1,3.3129,egc
*CCCCCOC(=O)CCC(C)CC(=O)O*,6.7005,egc
*CC1CCC(CNC(=O)CCCCCCC(=O)N*)CC1,5.8707,egc
*CCCOC(=O)CCCCC(=O)O*,6.7235,egc
*c1ccc(-c2nc3ccc(Oc4ccc5nc(*)c(-c6ccccc6)nc5c4)cc3nc2-c2ccccc2)cc1,3.199,egc
*CCOCCOCCOCCOCCOc1ccc(C(=O)Nc2cc(NC(=O)c3ccc(O*)cc3)cc(-c3nc4ccccc4[nH]3)c2)cc1,3.9357,egc
*CC(*)C(=O)n1sc2ccccc2c1=O,1.2252,egc
*C(=O)NNC(=O)c1cccc(C(=O)NNC(=O)c2cccc(*)n2)c1,4.479,egc
*CC(*)c1cc(Br)ccc1OCC,4.458,egc
*Oc6ccc(C5(c3ccc(OC(=O)c2ccc(Oc1ccc(C(*)=O)cc1)cc2)cc3)OC(=O)c4ccccc45)cc6,4.0357,egc
*C(F)(F)C(F)(F)CC(=S)*,3.089,egc
*Oc1ccc(S(=O)(=O)c2ccc(Oc3ccc(NC(=O)c4cc(NC(=O)c5ccncc5)cc(C(=O)Nc5ccc(*)cc5)c4)cc3)cc2)cc1,3.3418,egc
*C(=O)Nc1cccc(C(=O)Nc2cccc(NC(=O)c3ccc4[nH]c(-c5cccc(-c6nc7cc(*)ccc7[nH]6)c5)nc4c3)c2)c1,3.186,egc
*COCOCCCO*,6.5721,egc
*CC1CCC(CNC(=O)CCCCCCCCC(=O)N*)CC1,5.7331,egc
*CCCC(C)(C)CNC(=O)CCCCC(=O)N*,5.8218,egc
*c1ccc(-c2ccc(*)c(Cl)c2)cc1Cl,3.6381,egc
*CCCOC(=O)CC(=O)O*,6.6256,egc
*C=CC1CC(*)C(C#N)([Si](C)(C)O[Si](C)(C)C)C1,5.5917,egc
*OC1CCC(OC(=O)NCCNC(*)=O)CC1,6.0582,egc
*c1ccc(-c2ccc3[nH]c(-c4nc5cc(*)ccc5[nH]4)nc3c2)cc1,3.3322,egc
*Oc1ccc(C2(c3ccc(OC(=O)c4ccc(C(*)=O)cc4)cc3)CCC(C(C)(C)C)CC2)cc1,3.1462,egc
*c1ccc(Oc2ccc(S(=O)(=O)c3ccc(Oc4ccc(-c5c6c(c(*)c7ccccc57)C(=O)N(C)C6=O)cc4)cc3)cc2)cc1,3.443,egc
*CC(*)n1nnc2ccccc21,4.0479,egc
*OC(C)C(=O)NC(C)C(*)=O,5.6199,egc
*Oc1cccc2c(OC(=O)Oc3ccc(OC(*)=O)cc3)cccc12,4.0608,egc
*C1CCC(*)C1,6.6766,egc
*C=C(*)c1ccc(N)cc1,0.2588,egc
*CCCCCCCCCCCCOC(=O)CCCCCNC(=O)CCCCC(=O)NCCCCCC(=O)O*,5.3312,egc
*C(F)(F)C(=O)C(F)(F)C(=O)*,4.4683,egc
*CCOC(=O)CCCCC(=O)O*,6.7259,egc
*CCCCCCCCCn1c(=O)c2cc3c(=O)n(*)c(=O)c3c(Br)c2c1=O,3.5814,egc
*CCCOCCCOC(=O)CCCCCCCCC(=O)O*,6.4909,egc
*OC(=O)C(Cc1ccccc1)NC(=O)CCCCCCCCCCC(=O)NC(Cc1ccccc1)C(=O)OC1COC2C(*)COC12,5.5385,egc
*OC(=O)OCCCCCCOC(=O)OC1COC2C(*)COC12,6.6217,egc
*CCC(S1)=CC=C1C(=S)*,2.6244,egc
*C(Cl)=C(c1ccccc1)c1ccc(*)cc1,2.8757,egc
*c1ccc(C2(c3ccc(N4C(=O)c5ccc(-c6ccc7c(c6)C(=O)N(*)C7=O)cc5C4=O)cc3)c3ccccc3-c3ccccc32)cc1,2.7114,egc
*OC(C)CCOC(=O)CCCCS(=O)(=O)CCCCC(*)=O,6.6674,egc
*c1ccc(*)[nH]1,2.4594,egc
*CC(CC)(CC)CO*,5.586,egc
*C(C=C1)=CC=C1OC(=O)CC(=O)CCO*,4.7926,egc
*ON(C(F)(F)F)C(F)(C(*)(F)F)C(F)(F)F,6.8426,egc
*Oc1ccc(C(C)(C)c2ccc(Oc3nc(*)nc(Cl)n3)cc2)cc1,4.3967,egc
*C(=O)OCC(C)(C)COC(=O)N1CCN(*)C(C)C1,5.8979,egc
*c1ccc(Oc2ccc(-c3cnc4ccc(-c5ccc6ncc(*)nc6c5)cc4n3)cc2)cc1,3.2298,egc
*CCCCOC(=O)NCCNC(=O)O*,6.2788,egc
*CCCCCCNC(=O)CCP(=O)(CCC(=O)N*)c1ccccc1,4.8862,egc
*c1ccc(Oc2ccc(-c3nc4cc(-c5ccc6nc(-c7ccccc7)c(*)nc6c5)ccc4nc3-c3ccccc3)cc2)cc1,3.1231,egc
*C(=O)C(S1)=CC=C1C(C=C2)=CC=C2O*,2.8763,egc
*Cc1ccc(OCOc2ccc(*)c3cccnc23)c2ncccc12,3.5315,egc
*CC(CO*)(CS(=O)(=O)CCCCC)CS(=O)(=O)CCCCC,5.21,egc
*CCCCCCCCCCCCNC(=O)C(OC)C(OC)C(=O)N*,5.7132,egc
*CCCN(*)C(C)=O,5.7364,egc
*CC(=O)C(S1)=CC=C1C(=S)*,2.6865,egc
*Cc1ccc(CNC(C)=N*)cc1,4.9237,egc
*c1ccc(C(C#N)(C(=O)OC)C(*)(C#N)C(=O)OC)cc1,5.3905,egc
*C=CC(=C(C)C)C(*)=C(C)C,3.4443,egc
*c1ccc(N(*)c2ccc(S(=O)(=O)O)cc2)cc1,3.3685,egc
*NOC(=S)O*,4.8496,egc
*c1ccc(N(c2ccc(C#N)cc2)c2ccc(N3C(=O)c4ccc(Oc5ccc6c(c5)C(=O)N(*)C6=O)cc4C3=O)cc2)cc1,2.2981,egc
*NC(C=C1)=CC=C1OC(C=C2)=CC=C2*,3.6519,egc
*CCN(*)Cc1ccccc1,3.8139,egc
*CCCCCC(=O)NCCCCCCNC(=O)CCCCCOC(=O)CCCCC(=O)O*,5.9182,egc
*Cc1cccc(CN(*)c2ccccc2)c1O,4.1958,egc
*C(=O)NCCCCCCNC(=O)c1cnn(*)c1,5.1584,egc
*CC(*)C(=O)OCCCCSC,4.571,egc
*CC(O)C(O)CN(*)c1ccc(N(C)C)cc1,3.7705,egc
*NC(CC(*)=O)C(=O)OCCOC,5.9247,egc
*CCCC(C)CCC(=O)N*,5.9091,egc
*C(C)C(*)OC,5.326,egc
*CCCCCC(=O)NCCCCCOCCCCCNC(=O)CCCO*,5.841,egc
*CO*,6.6048,egc
*CC(C#N)(C#N)C(C#N)C(C#N)(C#N)C(C#N)C(C#N)(C#N)C(C#N)C(C#N)(C#N)*,6.4897,egc
*c1ccc(OCC2CCC(COc3ccc(-n4c(=O)c5cc6c(=O)n(*)c(=O)c6cc5c4=O)cc3)CC2)cc1,2.2219,egc
*CCOC(=O)NCCOCCOCCNC(=O)O*,6.1403,egc
*CCOCCOC(=O)CCCCCCCC(=O)O*,6.5091,egc
*CONC(=O)*,6.1048,egc
*CC(*)C(=O)OC(CC)CC,6.4889,egc
*CCCCCCOC(=O)NCCCNC(=O)O*,6.0865,egc
*Oc1ccc2nc3oc4cc5oc6c7c(cn6ccc5on4cnc3c12)nc1c(*)ccccc17,1.4158,egc
*CC(O)CO*,6.5192,egc
*Oc1cccc(Oc2ccc(S(=O)(=O)c3ccc(*)cc3)cc2)c1,4.2737,egc
*Nc1ccc(NC(=O)c2cc(NC(=O)c3ccccc3)cc(C(*)=O)c2)cc1,3.3958,egc
*Nc1ccc(C(C)(C)c2ccc(NC(=O)c3cc(C(*)=O)cc(N4C(=O)C5C6CCC(C6)C5C4=O)c3)cc2)cc1,4.0843,egc
*CCCCCCOC(=O)OCCCCCCCCCCCCOC(=O)OCCCCCCn1c(=O)c2cc3c(=O)n(*)c(=O)c3cc2c1=O,3.821,egc
*C(=O)Nc1ccc(C(=O)Nc2ccc(NC(=O)c3ccc4[nH]c(-c5cccc(-c6nc7cc(*)ccc7[nH]6)c5)nc4c3)cc2)cc1,2.9934,egc
*CCCCOC(=O)O*,7.3079,egc
*CC(F)(F)C(F)(F)C(F)(F)COC(=O)NCC(F)(F)C(F)(F)C(F)(F)C(F)(F)CNC(=O)O*,6.897,egc
*CC1(CO*)CC2CCC1CC2,5.9128,egc
*CCCCCCNC(=O)NCCCCCNC(=O)N*,5.9068,egc
*CC(C=C1)=CC=C1NC(C=C2)=CC=C2*,4.3854,egc
*CC(*)(C)C(=O)OCCc1ccccc1,5.7104,egc
*NNC(=O)c1ccc(NC(=O)c2ccc(C(*)=O)cc2)c(O)c1,3.6452,egc
*c1cc(C)c(*)s1,1.9299,egc
*Oc1ccc(N=Nc2ccc(*)cc2)cc1,3.1576,egc
*C(=O)c1ccc2c(c1)C(=O)N(c1cccc(-c3nc(-c4ccccc4)nc(-c4cccc(N5C(=O)c6ccc(*)cc6C5=O)c4)n3)c1)C2=O,2.9625,egc
*C(=O)Nc1ccc(N2C(=O)c3ccc(*)cc3C2=O)cc1,3.1573,egc
*c1ccc(Oc2ccc(-c3csc(-c4nc(*)cs4)n3)cc2)cc1,3.5312,egc
*OC(=O)CCC(=O)OC1COC2C(*)COC12,6.1275,egc
*C(=O)OC1CC2CC(OC(=O)N3CCN(*)CC3)CC(C1)O2,5.7033,egc
*CCCCCCNC(=O)CCCCCCCCCCCCCCCCCCCCC(=O)N*,5.992,egc
*c1ccc(-c2sc(-c3cc(SCCCC)c(*)s3)cc2SCCCC)cc1,2.4731,egc
*OC(CC(C)C)C(*)=O,6.5186,egc
*CC(Cl)C(Cl)C(*)Cl,7.1649,egc
*c1cc(CCCc2ccccc2)c(*)s1,2.4481,egc
*c1ccc(C(=O)c2ccc(C(=O)c3ccc(Oc4ccc(-c5nn(*)c(=O)c6ccccc56)c(F)c4)cc3)cc2)cc1,3.3441,egc
*CCOCCOC(=O)COCC(=O)O*,5.9381,egc
*CC(*)(C)C(=O)OCCCCCC,6.4509,egc
*CCCCCCCCCCCCCCCCOC(=O)CC=CCC(=O)O*,5.8517,egc
*c1cccc(-c2ccc(-c3ccc(*)s3)s2)n1,2.8359,egc
*CC(O)CN(*)c1cc(C)cc(C)c1,4.5575,egc
*c1cc(-c2ccc(OCCCC)cc2)c(*)s1,2.6658,egc
*CC(C=C1)=CC=C1CC(C=C2)=CC=C2*,5.1689,egc
*Oc1ccc(CC(NC(=O)CCc2ccc(OC(=O)CCCCCCC(*)=O)cc2)C(=O)OCCCCCCCCCCCC)cc1,5.1624,egc
*CCCCCNC(=O)C(CCCCCCCCCCCC)C(=O)N*,5.7457,egc
*C(c1ccc(N(C)C)cc1)C(*)c1ccc([N+](=O)[O-])cc1,2.3431,egc
*c1ccc(*)c(OC)c1N,4.71,egc
*CCCCCCCNC(=O)C=CCCC=CC(=O)N*,5.3907,egc
*CCCCCCCCC(=O)O*,6.4657,egc
*c1nnc(C2CC3(CC(*)C3)C2)o1,6.0399,egc
*CCCCCCCCc1nnc(*)n1N,5.4011,egc
*C=CC1CC(*)C2C(=O)N(CCCCCCCCC)C(=O)C12,5.4434,egc
*CCCCCCCCCCCCc1nnc(*)o1,6.356,egc
*CCOCCOCCOC(=O)c1ccccc1C(=O)O*,4.8493,egc
*OC(C)CCCCC(*)=O,6.5026,egc
*c1cc(C=Nc2cccc(C)c2)cc(*)c1O,3.5437,egc
*CC(*)c1ccc(CCCCCC)cc1,4.9872,egc
*Nc1cc(NC(=O)c2ccc(C(*)=O)cc2)cc(C(=O)OCCOc2ccc(C=CC(=O)c3ccccc3)cc2)c1,3.1709,egc
*CCCCc1nnc(*)n1N,5.3914,egc
*CCCCCCCCCCC(=O)O*,6.8465,egc
*c1ccc(Oc2ccc(-c3cc(-c4ccccc4)c4cc5c(-c6ccccc6)cc(*)nc5cc4n3)cc2)cc1,2.8308,egc
*C=C(*)C#N,0.838,egc
*CC(S1)=CC=C1C(=S)C(S2)=CC=C2*,2.5715,egc
*CCCCCCCCCNC(=O)CCCCCC(=O)N*,5.9578,egc
*CCCCCOC(=O)NCCSCCSCCNC(=O)O*,5.3739,egc
*C=CC1CC(*)C2C(=O)N(CCCCCC)C(=O)C12,4.6556,egc
*CCCCOC(=O)CCCCCNC(=O)O*,6.3358,egc
*CC(CCl)(CI)COC(=O)CCCCC(=O)O*,5.5293,egc
*CCCCCCOCCCCCCOCCCCCO*,5.9688,egc
*c1cccc(C(c2ccccc2)(c2cccc(N3C(=O)c4ccc(Oc5ccc6c(c5)C(=O)N(*)C6=O)cc4C3=O)c2)C(F)(F)F)c1,3.4747,egc
*c1ccc(-c2nnc(*)o2)c(OCCCCC)c1,3.0444,egc
*OC(=O)c1ccc(Cc2ccc(C(*)=O)cc2)cc1,4.3273,egc
*CC(C)(C)COC(=O)CCCCCCCC(=O)O*,6.5848,egc
*CCCCCCCCCCCCCCCCOC(=O)CCC=CCCC(=O)O*,6.0336,egc
*CC(=O)CC(=O)*,4.1544,egc
*CCCCCCCCC(=O)NCCCCCOCCCCCNC(=O)CCCO*,5.9383,egc
*C(=O)OC1=NCCN1*,5.1364,egc
*Cc1ccc(COC(=O)CCCCCC(=O)O*)cc1,5.6303,egc
*CCCP(CCCCCCCC)CCCNC(=O)CCCCC(=O)N*,4.7376,egc
*NC(C#N)=C(C#N)NC(=O)c1ccc(C(*)=O)cc1,3.4817,egc
*NC(CCC(*)=O)C(=O)O,5.9301,egc
*CC1CCC(COC(=O)c2ccc(NC(=O)O*)cc2)CC1,4.5441,egc
*CCC(C)C(*)(C)C(=O)OC,6.5856,egc
*CC(*)(CO)C(=O)OCC,5.8505,egc
*C(=O)CCCCCCCCC(=O)N1CCN(*)CC1,5.5924,egc
*Oc1cccc(OC2(F)C(*)(F)C(F)(F)C2(F)F)c1,5.2546,egc
*CC(C1=CC=CC=C1)CC(C2=CC=CC=C2)CC(C3=CC=CC=C3)CC(C4=CC=CC=C4)*,5.2025,egc
*c1ccc2c(c1)c1cc(*)ccc1n2C(=O)OCC,3.932,egc
*CCCCCCCCCCCCCCCCCCCCOC(=O)CCCCCCCCC(=O)O*,6.784,egc
*CC(*)C(=O)N(O)c1cccc(C)c1,4.1845,egc
*CC(*)c1cc(O)ccc1O,2.0107,egc
*CNC(=O)NCOCO*,6.2147,egc
*Oc1ccc(C(C)(CCC#N)c2ccc(OC(*)=O)c(C)c2)cc1C,4.6661,egc
*c1cc(CCCCCCBr)c(*)s1,2.553,egc
*CNC(=S)C(=O)*,2.602,egc
*c1ccc(-c2ccc(*)c(CCCCCC)n2)nc1CCCCCC,3.9211,egc
*CC(C)(C)COC(=O)CC(=O)O*,6.7138,egc
*CC(S1)=CC=C1C(=O)O*,4.5212,egc
*c1cnc(*)c(C)c1,5.1042,egc
*CC#CC#CCOc1ccc(C(C)(C)c2ccc(O*)cc2)cc1,4.3962,egc
*CC(C)(C)COC(=O)NCCCC(CCNC(=O)O*)OC,6.1723,egc
*c1ccc2c(c1)C(CC(CC)CCCC)(CC(CC)CCCC)c1cc(*)ccc1-2,3.8505,egc
*Oc1c(OC)cc(*)cc1OC,4.2534,egc
*CCOC(=O)c1ccc(C(=O)O*)cc1,4.6867,egc
*CCOC(=O)c1ccc(O*)cc1C,4.5424,egc
*CCCCCCCCCCCCCCCC(=O)O*,6.7798,egc
*CCCCCCOc1ccc(C(=O)N(C(=O)c2ccc(O*)cc2)c2ccccc2)cc1,3.9898,egc
*C(=O)N1CC(=O)N(C(=O)c2ccc(N3C(=O)c4ccc(*)cc4C3=O)cc2)C1=O,3.533,egc
*c1cc(SCCCCCCCCCCCC)c(*)s1,1.5021,egc
*OC(F)(F)COC(=O)c1cccc(C(=O)OCC(*)(F)F)c1,4.7299,egc
*CC(O)COc1ccc(O*)cc1,4.7923,egc
*C=Cc1cc(OCCCCCC)c(*)cc1OC,2.3505,egc
*CCCCCCCCCCOC(=O)CCCCS(=O)(=O)CCCCC(=O)O*,6.4132,egc
*OC(C)CCOC(=O)CCCCCCCC(*)=O,6.6793,egc
*C(=O)Nc1ccc(S(=O)(=O)c2ccc(NC(=O)c3ccc4c(c3)C(=O)N(c3ccc(S(=O)(=O)c5ccc(N6C(=O)c7ccc(*)cc7C6=O)cc5)cc3)C4=O)cc2)cc1,3.3421,egc
*COC(=O)OCC1OC(OCC)OC1*,6.8573,egc
*C(=O)c1ccc2c(c1)C(=O)N(c1ccc(-c3ccc(N4C(=O)c5ccc(*)cc5C4=O)cc3)cc1)C2=O,2.5354,egc
*C(=O)Nc1ccc(C2(c3ccc(N4C(=O)c5ccc(*)cc5C4=O)cc3)CCC(CC)CC2)cc1,2.9185,egc
*OC(*)CC,6.1349,egc
*C(S1)=CC=C1C(S2)=CC=C2C(S3)=CC=C3C(=S)*,1.4924,egc
*C(=O)NCCCCCCNC(=O)c1ccc(*)nc1,4.574,egc
*CCOC(=O)CSC(=O)Nc1ccc(Cc2ccc(NC(=O)SCC(=O)O*)cc2)cc1,4.3268,egc
*Oc1ccc(Nc2ccc(N=Nc3ccc(Nc4ccc(*)cc4)cc3)cc2)cc1,2.8393,egc
*CC(*)C(=O)OCCCCCCCCCCCCCC,6.5079,egc
*CCOc1ccc(C(=O)OC(=O)c2ccc(O*)cc2)cc1,4.4185,egc
*CCCCOC(=O)CCCCCCCCC(=O)O*,6.818,egc
*CC(*)C,6.5196,egc
*CCCCCCOC(=O)NCCCCCCNC(=O)O*,6.343,egc
*N=Nc1cc(*)ccc1C,3.0039,egc
*OC(C)COC(=O)CCCCCCC(*)=O,6.5111,egc
*CCCCCCCNC(=O)CCCCCCCCCC(=O)N*,5.7365,egc
*OC3=CC=CC(C(C2=CC=CC(OC1=CC=CC(*)=C1)=C2)=O)=C3,3.6547,egc
*CC(OC(C)=O)C1C(=O)N(c2ccc(C)cc2)C(=O)C1(*)Cl,4.7107,egc
*Cc1ccc(CNC(=O)c2cccc(C(=O)N*)c2)cc1,4.6753,egc
*c1ccc(*)c(CCCCCC)n1,4.7957,egc
*CCCCCCNC(=O)CCCCC(=O)NCCCCCCNC(=O)C(=O)N*,5.2635,egc
*C=Cc1cc(OCC)c(*)cc1OCC,4.2145,egc
*CC1CC(*)OC(C)O1,6.0468,egc
*CC(S1)=CC=C1C(=O)C(=S)*,3.0928,egc
*CC(*)CO,6.2929,egc
*C(=O)Nc1cccc(C=CC(=O)C=Cc2cccc(NC(=O)c3ccc(N4C(=O)c5ccc(*)cc5C4=O)cc3)c2)c1,3.0227,egc
*CC(*)C(=O)OCCCOC,5.8538,egc
*C(=O)N(*)C(C)C(C)=O,4.4468,egc
*c1ccc(-c2ccc(-c3cc(CCCCCCCC)c(*)s3)s2)s1,2.4777,egc
*CCCP(CCCNC(=O)CCCCC(=O)N*)CC(C)C,5.1348,egc
*c1ccc2c(*)c(-c3ccccc3)[nH]c2c1,3.6113,egc
*Oc1ccc(Oc2ccc(C(=O)c3ccc(*)cc3)cc2)cc1C,3.5517,egc
*NC(=O)C(=S)O*,3.3593,egc
*C=CC1CC(*)C(C(=O)OC(C)(C)C)C1C(=O)OC(C)(C)C,5.6132,egc
*Nc1ccc(*)cc1S(=O)(=O)O,2.9815,egc
*c1cc(N=Nc2ccc(S(=O)(=O)O)cc2)cc(*)c1O,3.0327,egc
*NC(=O)OC(C=C1)=CC=C1*,4.5955,egc
*CC(OC(C)=O)C(COC(=O)O*)OC(C)=O,6.5585,egc
*Oc1ccc(Oc2ccc(C(=O)c3ccc(*)cc3)cc2)cc1,3.9034,egc
*CCCCCCNC(=O)c1ccc(C(=O)N*)c(Oc2ccc(Cl)cc2)c1,4.0457,egc
*CC(*)c1nc(N)nc(N)n1,5.2767,egc
*OC1CCC(C2CCC(OC(=O)CCCCCCCCCCC(*)=O)CC2)CC1,6.4832,egc
*c1ccc(C(C)(C)c2ccc(-n3c(=O)c4cc5c(=O)n(*)c(=O)c5cc4c3=O)cc2)cc1,2.5724,egc
*CCCCOC(=O)COCC(=O)O*,6.6832,egc
*NNC(=O)c1ccc(C(*)=O)cc1OCCCCCCCC,4.1277,egc
*CCC(=O)Oc1ccc(OC(=O)CCN2CCN(*)C(C)C2)cc1,4.6472,egc
*C(=O)CCN(C)CCN(C)CCC(=O)N1CCN(*)CC1,4.9845,egc
*OC(COC(*)=O)COC(C)(C)C,6.0333,egc
*c1ccc2c(c1)c1cc(*)ccc1n2CC(=O)NO,3.6467,egc
*C#CC#Cc1ccc(*)cc1,2.0489,egc
*c1ccc(*)n1CCC(=O)NO,2.8742,egc
*CCCCCCNC(=O)CCCCCCCCC(=O)N*,6.0268,egc
*CCCCCCCCCCCCCCCCCCCCOC(=O)COCC(=O)O*,6.3895,egc
*Oc1ccc(Cc2ccc(OC(=O)OCC3CCC(COC(*)=O)CC3)cc2)cc1,5.1271,egc
*C(F)(F)C(F)(F)C(=O)C(=S)*,2.0268,egc
*CC(OO*)c1ccc(Br)cc1,5.1335,egc
*Oc1ccc(Oc2ccc(NC(=C(C#N)C#N)c3cccc(C(Nc4ccc(*)cc4)=C(C#N)C#N)c3)cc2)cc1,2.6924,egc
*OC(=O)Oc1cccc(OC(=O)OC2CC3CC(*)CC(C2)O3)c1,5.8268,egc
*CC(F)(F)C1(F)CC(CC(O)(C(F)(F)F)C(F)(F)F)CC1*,7.7065,egc
*c1cc(C(=O)OCC(F)(F)C(F)(F)C(F)(F)F)c(*)s1,2.8607,egc
*CCOCCOC(=O)CCSCCC(=O)O*,5.4283,egc
*CCCC(C)(C)CNC(=O)CCCCCCCCC(=O)N*,5.8198,egc
*C(F)(F)C(F)(F)C(C=C1)=CC=C1O*,4.5008,egc
*CC(CC)(CO)CO*,5.2286,egc
*NC(C)C(=O)NCCCCCCCCCCC(*)=O,5.8221,egc
*c8ccc(C7(c5ccc(n4c(=O)c3ccc(Oc2ccc1c(=O)n(*)c(=O)c1c2)cc3c4=O)cc5)OC(=O)c6ccccc67)cc8,3.3847,egc
*c1cccc(Oc2ccc(S(=O)(=O)c3ccc(Oc4cccc(N5C(=O)c6ccc(-c7ccc8c(c7)C(=O)N(*)C8=O)cc6C5=O)c4)cc3)cc2)c1,2.9006,egc
*CC(CCC)C(CCC)COC(=O)c1ccc(C(=O)O*)cc1,4.734,egc
*C=C(*)C(C)=O,3.9542,egc
*CCOCCOC(=O)CCCCCCCCCCCCCCCCC(=O)O*,6.2057,egc
*Oc1cc(Oc2ccc(C(C)(C)c3ccc(*)cc3)cc2)cc(C(=O)Oc2ccc(N=Nc3ccc(C#N)cc3)cc2)c1,3.1481,egc
*C(=O)C(=S)C(=O)O*,2.3358,egc
*c1cc2sc(*)cc2s1,1.8963,egc
*c1ccc(Oc2ccc(-c3cnc4ccc(-c5ccc6nc(*)cnc6c5)cc4n3)cc2)cc1,3.1515,egc
*C(=O)Oc1ccc(OC(=O)c2ccc3c(c2)C(=O)N(c2ccc(Oc4ccc(N5C(=O)c6ccc(*)cc6C5=O)cc4)cc2)C3=O)c(-c2ccccc2)c1,2.5898,egc
*Nc1cccc2c(NC(=O)c3cccc(C(*)=O)c3)cccc12,3.1462,egc
*CC(*)C(=O)Nc1ccc2c(c1)C(=O)c1ccccc1C2=O,3.0723,egc
*CCOCCC(=O)O*,6.821,egc
*CCN1C(=O)C(=CC=C2SC(=S)N(*)C2=O)SC1=S,2.2801,egc
*CC(*)(F)F,7.1498,egc
*CCC(=O)NCC(=O)N*,6.1234,egc
*CCCCCCCCCOC(=O)c1ccc(NC(=O)CCCCCCCCC(=O)Nc2ccc(C(=O)O*)cc2)cc1,4.1632,egc
*CC(*)OC(=O)C(Cl)(Cl)Cl,5.7645,egc
*OC(C)COC(=O)CCCCCCCCC(*)=O,6.952,egc
*CCCCCCCCCCNC(=O)C(C)=C(C)C(=O)N*,4.9889,egc
*CC(C)(C)COC(=O)Nc1ccc(C)c(NC(=O)O*)c1,5.1704,egc
*CCCC(=O)*,5.3982,egc
*C=Cc1sc(*)c2c1OC(CCCCCC)CO2,1.0146,egc
*CCC(=O)N(*)C,5.368,egc
*CC(C)(C)COC(=O)CCCCCCC(=O)O*,6.7281,egc
*NC(S1)=CC=C1C(S2)=CC=C2C(S3)=CC=C3*,2.2573,egc
*c1ccc(-c2cnc3cc(-c4ccc5nc(*)cnc5c4)ccc3n2)cc1,3.2178,egc
*CC(O)COC(=O)CCCCC(=O)OCC(O)COc1ccc(O*)cc1,5.0285,egc
*C(=O)OC(C=C1)=CC=C1C(=S)*,2.9816,egc
*C(=O)c1ccc2c(c1)C(=O)N(c1cccc(C(=O)N(C)c3ccc(N4C(=O)c5ccc(*)cc5C4=O)cc3)c1)C2=O,2.3447,egc
*CC(CC(*)(C#N)C(=O)OC)c1ccccc1,5.5884,egc
*c1ccc(Cc2ccc(N3C(=O)c4ccc(S(=O)(=O)c5ccc6c(c5)C(=O)N(*)C6=O)cc4C3=O)cc2)cc1,2.775,egc
*CCCCCCSSCCCCSS*,5.0908,egc
*C(=O)NCCCCCCCCCCNC(=O)c1ccc(*)nc1,4.5311,egc
*CCCS(=O)(=O)CCCCS(=O)(=O)CCCOC(=O)O*,6.4999,egc
*c1ccc(Oc2ccc(-c3cnc4cc5ncc(*)nc5cc4n3)cc2)cc1,2.782,egc
*C=CC1CC(*)C2C(=O)N(c3cccc(C)c3)C(=O)C12,4.9512,egc
*CCCCCCOC(=O)OCCCCCCCCOC(=O)OCCCCCCOc1ccc(Oc2ccc(O*)cc2)cc1,4.4708,egc
*CC(=O)C(=S)O*,3.8359,egc
*C(=O)C(C=C1)=CC=C1C(=S)C(C=C2)=CC=C2*,2.9419,egc
*c1cc(CCCCCCCCCC)c(*)[nH]1,2.8756,egc
*c1ccc(-c2nc3cc4sc(*)nc4cc3s2)cc1,3.1122,egc
*c1ccc(C(C=CC)c2ccc(-n3c(=O)c4cc5c(=O)n(*)c(=O)c5cc4c3=O)cc2)cc1,2.5577,egc
*Nc1ccc(NC(=O)CCC(*)=O)cc1,4.4554,egc
*Oc1ccc(CC(NC(=O)Cc2ccc(OC(=O)CC(C)CCC(*)=O)cc2)C(=O)OCCCCCCCC)cc1,5.2951,egc
*c1ccc([Si](c2ccccc2)(c2ccccc2)c2ccc(-c3nnc(*)o3)cc2)cc1,4.0946,egc
*c1ccc(*)c2nc(CCCCCCC)c(CCCCCCC)nc12,3.0414,egc
*Oc1ccc(C2(c3ccc(OC(*)=O)c(Cl)c3)CCCCC2)cc1Cl,4.9504,egc
*c1ccc(Oc2ccc(C(=O)c3cccc(C(=O)c4ccc(Oc5ccc(-n6c(=O)c7cc8c(=O)n(*)c(=O)c8cc7c6=O)cc5)cc4)c3)cc2)cc1,2.3756,egc
*CC(*)c1c(F)c(F)c(OC)c(F)c1F,4.6291,egc
*C(=O)c1ccc(C(=O)N2CCN(*)CC2)cc1,4.6128,egc
*CC(*)C(=O)C(C)(C)C,5.3334,egc
*CCCCCc1nnc(*)n1N,5.7571,egc
*CCCCCCC(Cl)C(*)Cl,6.8762,egc
*NC(=S)NC(C=C1)=CC=C1NC(=S)NC(C=C2)=CC=C2CC(C=C3)=CC=C3*,3.7248,egc
*CC(F)(F)C(F)(F)C(F)(F)COC(=O)CCCC(=O)O*,6.894,egc
*Oc1ccc(OC(=O)C=Cc2ccc(C=CC(*)=O)cc2)cc1,3.0386,egc
*C(F)(F)C(S1)=CC=C1C(F)(F)C(=S)*,2.8122,egc
*CCOCCOC(=O)C=CC(=O)O*,4.6987,egc
*c1ccc2c(c1)c1cc(*)ccc1n2CC(=O)OCC,3.5868,egc
*CC(O)COc1ccc(S(=O)(=O)c2ccc(OCC(O)COc3cccc(O*)c3)cc2)cc1,4.3099,egc
*c1ccc(-c2ccc(*)c(C)c2)cc1C,3.8863,egc
*Cc1ccc(COC(=O)CCCCCCCCCCCCCCCCCCC(=O)O*)cc1,5.5452,egc
*c1ccc(C(=O)Nc2ccc(Oc3ccc(NC(=O)c4ccc(-n5c(=O)c6cc7c(=O)n(*)c(=O)c7cc6c5=O)cc4)cc3)cc2)cc1,1.639,egc
*Nc1ccc(*)nc1,3.2295,egc
*=CC2OC(C=*)C3C(=O)N(c1cc(C(F)(F)F)cc(C(F)(F)F)c1)C(=O)C23,5.0857,egc
*CC(*)c1cc(Cl)ccc1Cl,2.6378,egc
*CC(*)c1cc(Br)ccc1OCCCC,4.5078,egc
*c1cc(CCOc2ccc(N=Nc3ccc(C#N)cc3)cc2)c(*)s1,2.0292,egc
*CC(*)(F)C(C)=O,4.643,egc
*Oc1ccc(C(=O)OCCOC(=O)c2ccc(*)cc2)cc1,3.8209,egc
*CCCCCCCCCCCCNC(=O)NCCCCCCCCCCNC(=O)N*,5.6621,egc
*COC(=O)NCc1ccc(CNC(=O)OCc2ccc(*)o2)o1,5.0674,egc
*Oc1cccc(NC(=O)c2ccc([Si](c3ccccc3)(c3ccccc3)c3ccc(C(*)=O)cc3)cc2)c1,3.9647,egc
*CCOC(=O)c1ccc(Cc2ccc(C(=O)O*)cc2)cc1,4.6415,egc
*C(=O)c1ccc2c(c1)C(=O)N(c1cccc(C(=O)Nc3ccc(N4C(=O)c5ccc(*)cc5C4=O)cc3)c1)C2=O,2.497,egc
*OC(C)CCOC(=O)C(*)=O,5.5088,egc
*C=CC1CC(*)C(C(=O)OC)C1C(=O)OC,5.0643,egc
*CC(CCl)(CCl)COC(=O)C(=O)O*,5.906,egc
*OS(=O)(=O)c1ccc(*)cc1,4.9308,egc
*CC(C)(CC)CO*,5.6322,egc
*C(=O)c1ccc2c(c1)C(=O)N(c1ccc(Oc3ccc(S(=O)(=O)c4ccc(Oc5ccc(N6C(=O)c7ccc(*)cc7C6=O)cc5)cc4)cc3)cc1)C2=O,2.6168,egc
*c1ccc(S(=O)(=O)c2ccc(-n3nc(-c4ccc(Oc5ccc(-c6nn(*)c(=O)c7ccccc67)cc5)cc4)c4ccccc4c3=O)cc2)cc1,3.5201,egc
*Oc1ccc(P(C)(=O)c2ccc(*)cc2)cc1,4.6884,egc
*CCCCCCCCNC(=O)CCCCCCC(=O)N*,5.7761,egc
*CC1CCC(*)C1,6.9613,egc
*C(F)(F)CC(F)(F)C(S1)=CC=C1*,5.0751,egc
*c1ccc(*)c(C(=O)c2ccc(F)cc2)c1,4.2742,egc
*CCCCCCCCCCOC(=O)CCCCSCCCCC(=O)O*,5.1162,egc
*c1cc(C(=O)Oc2cccc3cccnc23)c(*)s1,2.8057,egc
*CC(*)(C)C(=O)OCCOC(=O)CCn1ccnc1,4.5949,egc
*Oc1ccc(P(=O)(c2ccccc2)c2ccc(*)cc2)cc1,4.8858,egc
*c1ccc(-c2nc3cc(-c4ccc5nc(*)c(-c6ccccc6)nc5c4)ccc3nc2-c2ccccc2)cc1,2.983,egc
*Cc1ccc(-c2ccc(CSC(=O)CCC(=O)S*)cc2)cc1,4.7843,egc
*C1OC(C(F)(F)F)(C(F)(F)F)OC1(*)F,8.2782,egc
*CCCCCCCCCCN(C)C(=O)CCCCCCCCC(=O)N(*)C,5.5704,egc
*OC(=O)Oc1ccc(OC(=O)OC2CC3CC(*)CC(C2)O3)cc1,5.6192,egc
*C=C(*)c1cc(C(F)(F)F)oc1C(F)(F)F,1.9958,egc
*C(=O)Nc1cccc(NC(=O)c2ccc3[nH]c(-c4cccc(-c5nc6cc(*)ccc6[nH]5)c4)nc3c2)n1,3.4965,egc
*Nc1ccc(NC(=O)c2cc(SCCCCCCCC)c(C(*)=O)cc2SCCCCCCCC)cc1,2.9501,egc
*C1=C(CCCCCC)C(CCCCCC)=C(c2sc(-c3sc(*)c4c3OCCO4)c3c2OCCO3)S1(=O)=O,1.3792,egc
*Oc1ccc(C(C)=NN=C(C)c2ccc(OC(=O)CCCCCCCCC(*)=O)cc2)cc1,3.996,egc
*NNC(=O)CCCCC(=O)NNC(=O)CCCCCCCCC(*)=O,5.6341,egc
*CCCCCCCc1nc2ccc(-c3ccc4nc(*)oc4c3)cc2o1,4.0726,egc
*CC(=O)OC(=S)*,3.6315,egc
*CCCCCCCCCCCNC(=O)c1ccc(C(=O)N*)cc1,4.9311,egc
*C(F)(F)C(*)(F)OC(F)(F)F,8.2947,egc
*c1ccc(Cc2ccc(N(*)Cc3ccccc3)cc2)cc1,4.2622,egc
*Nc1ccc(CC(C)(C)NC(=O)CCCCCCCCC(*)=O)cc1,4.455,egc
*CCOC(=O)NCCCCCCCCCNC(=O)O*,6.3118,egc
*Cc1cc(C23CC4CC(CC(C4)C2)C3)cc(CN(*)C)c1O,4.5466,egc
*Nc1ccc2c(c1)Cc1cc(NC(=O)c3cc(C(=O)O)c(C(*)=O)cc3C(=O)O)ccc1-2,2.6346,egc
*CCCCCCCCCCCCCC(=O)O*,6.7839,egc
*Oc1cc(C)cc(OC(=O)c2cccc(C(*)=O)c2)c1,4.2911,egc
*c1ccc(S(=O)(=O)c2ccc(-n3nc(-c4ccccc4)c4ccc(Oc5ccc6c(-c7ccccc7)nn(*)c(=O)c6c5)cc4c3=O)cc2)cc1,3.4595,egc
*CCOCCOCCOCCOCCOCCOC(=O)NCCCCCCNC(=O)O*,5.6975,egc
*CCC(O*)(C(F)(F)F)C(F)(F)F,7.6175,egc
*Oc1ccc(CC(NC(=O)CCc2ccc(OC(=O)COCCOCC(*)=O)cc2)C(=O)OC)cc1,5.2022,egc
*C(C=C1)=CC=C1OC(=S)C(S2)=CC=C2*,2.8495,egc
*CC(*)c1ccccc1C(=O)OC,5.0713,egc
*NC(C)C(=O)NC(C)C(=O)NCC(*)=O,5.7884,egc
*Nc1cc(NC(=O)NCCCCCCNC(*)=O)ccc1C,4.7413,egc
*CCC(=O)N(CCN(C(=O)CCN1CCN(*)CC1)C(C)C)C(C)C,4.3463,egc
*CC(F)(F)C(F)(F)C(F)(F)COC(=O)C(F)(F)C(F)(F)C(F)(F)C(F)(F)C(=O)O*,6.5652,egc
*NC(C)C(=O)NC(C)C(=O)NC(C(=O)NC(C(*)=O)C(C)C)C(C)C,5.7985,egc
*Nc1ccc(*)cc1O,3.4121,egc
*C(*)(F)F,7.2027,egc
